DSR Rank	DSR	Team	W-L-T	WPCT	SOS Rank	SOS	Pythag Rank	Pythag	DSR Points Rank	DSR Points	Most Recent	Best Win	Worst Loss	ConfStrength
1	0.717	
Tennessee
Tennessee
49-11-0	0.817	71	0.558	1	0.850	1	1729.59	+4.47 (W, 6-4) vs Vanderbilt on 2024-05-25	+13.08 (W, 16-0) vs East Tennessee State on 2024-02-21	-14.06 (L, 1-5) vs Oklahoma on 2024-02-17	0.829
2	0.700	
North Carolina
North Carolina
42-13-0	0.764	7	0.644	3	0.796	5	1669.51	-11.84 (L, 5-9) vs Wake Forest on 2024-05-24	+9.77 (W, 11-5) vs Georgia Tech on 2024-03-23	-15.66 (L, 1-14) vs Miami on 2024-03-15	0.808
3	0.688	
Texas A&M
Texas A&M
44-13-0	0.772	52	0.582	2	0.814	2	1675.08	-8.88 (L, 4-7) vs Tennessee on 2024-05-23	+11.53 (W, 15-0) vs Vanderbilt on 2024-04-12	-16.24 (L, 2-10) vs Ole Miss on 2024-05-11	0.829
4	0.687	
Florida State
Florida State
42-13-0	0.764	10	0.633	9	0.762	7	1656.45	+8.56 (W, 9-6) vs Wake Forest on 2024-05-25	+9.97 (W, 12-7) vs Virginia on 2024-05-24	-13.57 (L, 5-15) vs Clemson on 2024-03-23	0.808
5	0.673	
Kentucky
Kentucky
40-14-0	0.741	11	0.632	28	0.688	10	1644.02	-8.40 (L, 5-6) vs South Carolina on 2024-05-24	+13.23 (W, 11-3) vs Arkansas on 2024-05-04	-15.75 (L, 1-10) vs Florida on 2024-05-11	0.829
6	0.672	
Georgia
Georgia
39-15-0	0.722	27	0.603	19	0.717	6	1657.67	-9.87 (L, 1-9) vs LSU on 2024-05-21	+12.82 (W, 16-2) vs Tennessee on 2024-03-29	-16.43 (L, 6-19) vs Michigan State on 2024-02-28	0.829
7	0.672	
Arkansas
Arkansas
43-14-0	0.754	13	0.625	15	0.735	14	1638.36	-8.78 (L, 6-9) vs Kentucky on 2024-05-23	+9.57 (W, 10-3) vs Kentucky on 2024-05-03	-13.23 (L, 3-11) vs Kentucky on 2024-05-04	0.829
8	0.670	
LSU
LSU
40-20-0	0.667	33	0.596	23	0.703	3	1671.85	+5.44 (W, 12-11) vs South Carolina on 2024-05-25	+12.95 (W, 6-4) vs Texas A&M on 2024-05-03	-17.02 (L, 2-5) vs Stony Brook on 2024-02-23	0.829
9	0.668	
Oklahoma State
Oklahoma State
40-17-0	0.702	40	0.588	6	0.766	4	1670.15	+8.03 (W, 9-3) vs Oklahoma on 2024-05-25	+13.13 (W, 19-2) vs Sam Houston State on 2024-02-18	-13.83 (L, 2-13) vs UCF on 2024-03-15	0.707
10	0.668	
Virginia
Virginia
41-15-0	0.732	17	0.620	18	0.718	11	1641.75	-9.97 (L, 7-12) vs Florida State on 2024-05-24	+11.22 (W, 7-2) vs North Carolina on 2024-04-05	-16.83 (L, 5-10) vs UMass on 2024-03-02	0.808
11	0.666	
Wake Forest
Wake Forest
38-20-0	0.655	3	0.672	30	0.684	20	1632.10	-8.56 (L, 6-9) vs Florida State on 2024-05-25	+11.84 (W, 9-5) vs North Carolina on 2024-05-24	-14.09 (L, 3-14) vs NC State on 2024-05-16	0.808
12	0.662	
Clemson
Clemson
41-14-0	0.745	21	0.612	26	0.693	18	1636.09	+5.21 (W, 8-7) vs Louisville on 2024-05-24	+13.57 (W, 15-5) vs Florida State on 2024-03-23	-18.24 (L, 1-18) vs Kennesaw State on 2024-02-23	0.808
13	0.656	
Duke
Duke
38-18-0	0.679	25	0.605	11	0.756	16	1638.11	+6.91 (W, 8-2) vs Miami on 2024-05-25	+12.79 (W, 9-4) vs Virginia on 2024-03-28	-12.58 (L, 4-18) vs Campbell on 2024-04-23	0.808
14	0.645	
NC State
NC State
33-20-0	0.623	9	0.637	93	0.586	21	1631.85	-10.08 (L, 1-8) vs Duke on 2024-05-23	+14.09 (W, 14-3) vs Wake Forest on 2024-05-16	-13.61 (L, 6-9) vs VCU on 2024-02-17	0.808
15	0.643	
South Carolina
South Carolina
36-23-0	0.610	2	0.673	42	0.660	33	1606.22	-5.44 (L, 11-12) vs LSU on 2024-05-25	+13.44 (W, 10-0) vs Kentucky on 2024-04-28	-13.94 (L, 3-8) vs Missouri on 2024-05-04	0.829
16	0.643	
Vanderbilt
Vanderbilt
38-21-0	0.644	28	0.602	77	0.607	17	1637.15	-4.47 (L, 4-6) vs Tennessee on 2024-05-25	+13.49 (W, 13-4) vs Tennessee on 2024-05-22	-13.36 (L, 4-8) vs South Carolina on 2024-03-23	0.829
17	0.641	
Mississippi State
Mississippi State
38-21-0	0.644	35	0.594	21	0.708	23	1627.32	-5.42 (L, 5-6) vs Tennessee on 2024-05-24	+11.28 (W, 10-4) vs LSU on 2024-03-15	-13.09 (L, 2-14) vs Ole Miss on 2024-04-14	0.829
18	0.640	
Oklahoma
Oklahoma
37-19-0	0.661	14	0.624	40	0.669	26	1622.11	-8.03 (L, 3-9) vs Oklahoma State on 2024-05-25	+14.06 (W, 5-1) vs Tennessee on 2024-02-17	-12.91 (L, 6-10) vs Cincinnati on 2024-05-17	0.707
19	0.639	
UC Santa Barbara
UC Santa Barbara
42-12-0	0.778	132	0.511	10	0.760	8	1653.26	+2.16 (W, 6-3) vs UC Riverside on 2024-05-25	+9.20 (W, 13-3) vs Connecticut on 2024-03-08	-12.03 (L, 3-8) vs Cal Poly on 2024-03-22	0.602
20	0.639	
Oregon State
Oregon State
42-14-0	0.750	87	0.543	4	0.790	14	1638.36	+5.17 (W, 3-2) vs Arizona State on 2024-05-23	+9.00 (W, 8-1) vs Oklahoma State on 2024-02-25	-17.28 (L, 4-17) vs Southern California on 2024-03-29	0.636
21	0.633	
Alabama
Alabama
33-22-0	0.600	4	0.669	64	0.626	40	1597.23	-7.45 (L, 5-10) vs South Carolina on 2024-05-21	+12.85 (W, 5-0) vs Arkansas on 2024-04-14	-11.02 (L, 3-13) vs Mississippi State on 2024-05-03	0.829
22	0.632	
Southern Miss
Southern Miss
39-18-0	0.684	19	0.616	68	0.623	27	1619.98	+4.38 (W, 7-5) vs Appalachian State on 2024-05-25	+9.80 (W, 9-7) vs Alabama on 2024-03-12	-13.39 (L, 1-13) vs Georgia Southern on 2024-03-23	0.617
23	0.631	
San Diego
San Diego
40-13-0	0.755	98	0.536	16	0.732	9	1650.79	+5.07 (W, 8-6) vs Portland on 2024-05-25	+8.79 (W, 8-4) vs Dallas Baptist on 2024-03-09	-10.55 (L, 4-13) vs Portland on 2024-04-14	0.433
24	0.624	
Dallas Baptist
Dallas Baptist
43-13-0	0.768	95	0.538	7	0.763	25	1625.52	+4.65 (W, 7-5) vs Western Kentucky on 2024-05-25	+9.59 (W, 7-5) vs Alabama on 2024-03-03	-13.62 (L, 1-4) vs Western Kentucky on 2024-04-05	0.533
25	0.624	
College of Charleston
College of Charleston
40-13-0	0.755	132	0.511	7	0.763	13	1639.54	-7.97 (L, 5-8) vs UNC Wilmington on 2024-05-25	+10.22 (W, 7-2) vs North Carolina A&T on 2024-03-23	-11.26 (L, 5-11) vs Campbell on 2024-04-26	0.536
26	0.623	
Indiana State
Indiana State
42-13-0	0.764	143	0.506	20	0.716	12	1641.44	-7.89 (L, 6-8) vs Evansville on 2024-05-25	+10.07 (W, 12-5) vs Southern Miss on 2024-03-03	-11.57 (L, 11-21) vs Illinois on 2024-04-30	0.536
27	0.622	
East Carolina
East Carolina
43-15-0	0.741	98	0.536	12	0.755	24	1625.58	-11.76 (L, 2-12) vs Wichita State on 2024-05-25	+9.64 (W, 7-4) vs North Carolina on 2024-02-24	-14.19 (L, 4-14) vs Wichita State on 2024-05-23	0.567
28	0.617	
Louisiana Tech
Louisiana Tech
44-16-0	0.733	119	0.522	44	0.659	19	1634.88	+3.91 (W, 6-5) vs Liberty on 2024-05-25	+10.07 (W, 18-11) vs Southern Miss on 2024-03-10	-15.17 (L, 4-13) vs Florida International on 2024-03-28	0.533
29	0.616	
Texas
Texas
35-22-0	0.614	36	0.591	52	0.645	32	1611.71	-6.60 (L, 7-8) vs Cincinnati on 2024-05-22	+10.71 (W, 21-11) vs Kansas State on 2024-03-29	-13.89 (L, 1-9) vs Houston on 2024-04-12	0.707
30	0.616	
Florida
Florida
28-27-0	0.509	1	0.702	133	0.540	51	1581.79	-6.46 (L, 3-6) vs Vanderbilt on 2024-05-21	+15.75 (W, 10-1) vs Kentucky on 2024-05-11	-13.66 (L, 6-10) vs Miami on 2024-03-02	0.829
31	0.614	
UC Irvine
UC Irvine
43-12-0	0.782	127	0.514	13	0.752	30	1612.07	+6.28 (W, 14-9) vs Cal State Northridge on 2024-05-25	+7.68 (W, 9-3) vs UC Santa Barbara on 2024-04-05	-15.71 (L, 4-15) vs UC San Diego on 2024-04-12	0.602
32	0.612	
UL Lafayette
UL Lafayette
40-18-0	0.690	84	0.548	33	0.679	28	1614.80	-7.50 (L, 9-10) vs James Madison on 2024-05-23	+12.35 (W, 13-1) vs Old Dominion on 2024-03-23	-12.44 (L, 1-9) vs Coastal Carolina on 2024-04-19	0.617
33	0.608	
UNC Wilmington
UNC Wilmington
38-19-0	0.667	38	0.589	38	0.672	35	1601.13	+7.97 (W, 8-5) vs College of Charleston on 2024-05-25	+9.65 (W, 13-2) vs Charlotte on 2024-03-16	-10.91 (L, 2-5) vs Hofstra on 2024-05-11	0.536
34	0.607	
UCF
UCF
35-19-0	0.648	23	0.610	55	0.642	50	1582.63	-7.35 (L, 1-10) vs Oklahoma State on 2024-05-24	+13.83 (W, 13-2) vs Oklahoma State on 2024-03-15	-10.09 (L, 5-7) vs USF on 2024-03-02	0.707
35	0.605	
Arizona
Arizona
36-21-0	0.632	70	0.559	57	0.640	31	1612.04	+5.61 (W, 4-3) vs Southern California on 2024-05-25	+9.14 (W, 9-1) vs Louisiana Tech on 2024-04-12	-11.54 (L, 1-6) vs Utah on 2024-05-10	0.636
36	0.605	
TCU
TCU
33-21-0	0.611	18	0.619	92	0.587	46	1586.78	-6.76 (L, 10-11) vs Kansas on 2024-05-24	+9.58 (W, 12-0) vs Kansas State on 2024-04-26	-11.30 (L, 2-13) vs Cincinnati on 2024-04-07	0.707
37	0.603	
Louisville
Louisville
32-24-0	0.571	74	0.556	94	0.585	29	1614.58	-5.21 (L, 7-8) vs Clemson on 2024-05-24	+12.71 (W, 9-6) vs Virginia Tech on 2024-03-15	-11.60 (L, 1-9) vs Xavier on 2024-02-21	0.808
38	0.601	
Nebraska
Nebraska
38-20-0	0.655	15	0.623	47	0.653	55	1573.65	+9.78 (W, 10-4) vs Indiana on 2024-05-25	+10.30 (W, 13-2) vs South Alabama on 2024-03-09	-11.30 (L, 2-6) vs Minnesota on 2024-05-05	0.614
39	0.598	
Auburn
Auburn
27-26-0	0.509	5	0.659	117	0.560	56	1572.55	-6.63 (L, 5-12) vs Alabama on 2024-05-18	+12.70 (W, 9-5) vs Tennessee on 2024-04-05	-15.50 (L, 6-15) vs Austin Peay on 2024-03-09	0.829
40	0.595	
Oregon
Oregon
37-18-0	0.673	194	0.469	45	0.657	22	1628.73	-8.07 (L, 2-4) vs Southern California on 2024-05-23	+11.78 (W, 5-1) vs California on 2024-03-16	-11.50 (L, 7-19) vs Stanford on 2024-04-19	0.636
41	0.594	
West Virginia
West Virginia
33-22-0	0.600	62	0.567	63	0.627	42	1593.46	-8.16 (L, 4-8) vs Kansas State on 2024-05-22	+11.22 (W, 15-10) vs Oklahoma State on 2024-03-31	-11.67 (L, 4-10) vs Cincinnati on 2024-05-04	0.707
42	0.592	
Hawaii
Hawaii
33-16-0	0.698	162	0.493	14	0.737	34	1605.49	+3.42 (W, 5-2) vs Cal State Fullerton on 2024-05-25	+17.66 (W, 9-1) vs Ole Miss on 2024-02-17	-9.47 (L, 2-3) vs CSU Bakersfield on 2024-03-17	0.602
43	0.591	
Georgia Southern
Georgia Southern
33-25-0	0.569	45	0.586	116	0.561	39	1597.70	+6.79 (W, 7-1) vs James Madison on 2024-05-25	+13.39 (W, 13-1) vs Southern Miss on 2024-03-23	-10.34 (L, 1-5) vs Mississippi State on 2024-02-23	0.617
44	0.591	
Georgia Tech
Georgia Tech
31-23-0	0.574	30	0.600	79	0.606	53	1574.43	-6.90 (L, 0-13) vs Virginia on 2024-05-22	+14.49 (W, 19-0) vs Virginia Tech on 2024-04-13	-12.69 (L, 4-11) vs Cornell on 2024-02-25	0.808
45	0.587	
California
California
36-19-0	0.655	115	0.524	74	0.611	38	1598.60	-8.10 (L, 4-7) vs Southern California on 2024-05-24	+10.84 (W, 10-8) vs Oregon State on 2024-04-19	-11.78 (L, 1-5) vs Oregon on 2024-03-16	0.636
46	0.586	
Coastal Carolina
Coastal Carolina
34-23-0	0.596	33	0.596	35	0.678	59	1571.98	-8.52 (L, 3-6) vs Appalachian State on 2024-05-23	+12.44 (W, 9-1) vs UL Lafayette on 2024-04-19	-14.54 (L, 8-16) vs Appalachian State on 2024-03-23	0.617
47	0.584	
Connecticut
Connecticut
32-22-0	0.593	45	0.586	88	0.597	48	1585.47	-7.45 (L, 9-10) vs Georgetown on 2024-05-23	+13.24 (W, 8-4) vs Auburn on 2024-03-02	-9.20 (L, 3-13) vs UC Santa Barbara on 2024-03-08	0.536
48	0.583	
Illinois
Illinois
34-19-0	0.642	83	0.549	62	0.633	49	1583.23	-8.72 (L, 2-4) vs Michigan on 2024-05-24	+11.57 (W, 21-11) vs Indiana State on 2024-04-30	-12.67 (L, 3-8) vs Minnesota on 2024-04-06	0.614
49	0.582	
Arizona State
Arizona State
32-26-0	0.552	54	0.581	101	0.581	47	1586.14	-5.17 (L, 2-3) vs Oregon State on 2024-05-23	+11.76 (W, 12-1) vs Southern California on 2024-04-26	-10.22 (L, 4-11) vs Ohio State on 2024-02-22	0.636
50	0.579	
Evansville
Evansville
35-23-0	0.603	106	0.528	57	0.640	36	1599.01	+7.89 (W, 8-6) vs Indiana State on 2024-05-25	+15.33 (W, 12-2) vs Southern Illinois on 2024-03-28	-10.43 (L, 4-8) vs Valparaiso on 2024-05-04	0.536
51	0.578	
Indiana
Indiana
32-24-1	0.570	72	0.557	77	0.607	45	1587.05	-9.78 (L, 4-10) vs Nebraska on 2024-05-25	+12.62 (W, 7-2) vs Coastal Carolina on 2024-02-17	-12.43 (L, 2-13) vs Minnesota on 2024-04-21	0.614
52	0.577	
Southern California
Southern California
31-28-0	0.525	30	0.600	147	0.522	52	1579.45	-5.61 (L, 3-4) vs Arizona on 2024-05-25	+17.28 (W, 17-4) vs Oregon State on 2024-03-29	-11.76 (L, 1-12) vs Arizona State on 2024-04-26	0.636
53	0.577	
Troy
Troy
37-22-0	0.627	72	0.557	31	0.682	60	1569.73	-9.09 (L, 6-10) vs Appalachian State on 2024-05-24	+12.26 (W, 16-5) vs UL Lafayette on 2024-05-03	-12.48 (L, 0-6) vs Texas State on 2024-05-10	0.617
54	0.577	
Notre Dame
Notre Dame
27-25-0	0.519	8	0.640	109	0.574	83	1549.73	-9.05 (L, 6-14) vs Louisville on 2024-05-17	+13.16 (W, 11-3) vs Wake Forest on 2024-04-27	-14.60 (L, 5-10) vs Florida International on 2024-02-24	0.808
55	0.575	
Northeastern
Northeastern
38-17-0	0.691	166	0.491	22	0.704	44	1588.99	-9.90 (L, 6-9) vs William & Mary on 2024-05-23	+9.20 (W, 10-7) vs UNC Wilmington on 2024-04-20	-14.55 (L, 5-13) vs North Carolina A&T on 2024-05-03	0.536
56	0.575	
Kansas
Kansas
31-23-0	0.574	45	0.586	52	0.645	62	1561.05	-5.73 (L, 6-8) vs Oklahoma on 2024-05-24	+11.99 (W, 7-4) vs Texas State on 2024-02-23	-12.12 (L, 1-10) vs Cincinnati on 2024-03-17	0.707
57	0.573	
Lamar
Lamar
44-15-0	0.746	227	0.451	17	0.731	41	1593.92	-11.09 (L, 4-14) vs McNeese on 2024-05-25	+9.60 (W, 13-8) vs Oklahoma on 2024-03-29	-11.63 (L, 3-6) vs Texas A&M-Corpus Christi on 2024-04-19	0.520
58	0.572	
Ole Miss
Ole Miss
27-29-0	0.482	6	0.654	187	0.464	76	1551.67	-3.67 (L, 1-2) vs Mississippi State on 2024-05-21	+16.24 (W, 10-2) vs Texas A&M on 2024-05-11	-17.66 (L, 1-9) vs Hawaii on 2024-02-17	0.829
59	0.571	
Portland
Portland
37-19-0	0.661	149	0.502	32	0.681	43	1593.33	-5.07 (L, 6-8) vs San Diego on 2024-05-25	+10.55 (W, 13-4) vs San Diego on 2024-04-14	-10.51 (L, 0-4) vs Loyola Marymount on 2024-04-26	0.433
60	0.567	
Wofford
Wofford
39-18-0	0.684	167	0.490	5	0.773	61	1567.24	+6.49 (W, 13-10) vs East Tennessee State on 2024-05-25	+11.77 (W, 11-1) vs East Tennessee State on 2024-05-10	-14.87 (L, 11-15) vs VMI on 2024-03-28	0.636
61	0.566	
UNC Greensboro
UNC Greensboro
33-21-0	0.611	68	0.560	42	0.660	68	1556.22	-9.10 (L, 7-10) vs East Tennessee State on 2024-05-24	+13.57 (W, 18-3) vs NC State on 2024-03-12	-13.87 (L, 5-8) vs Binghamton on 2024-02-23	0.636
62	0.566	
James Madison
James Madison
34-23-0	0.596	86	0.545	103	0.579	57	1572.18	-6.79 (L, 1-7) vs Georgia Southern on 2024-05-25	+13.09 (W, 7-3) vs Arkansas on 2024-02-18	-10.39 (L, 1-8) vs Arkansas State on 2024-05-04	0.617
63	0.566	
Virginia Tech
Virginia Tech
32-22-0	0.593	76	0.555	27	0.689	88	1547.46	-6.44 (L, 9-19) vs NC State on 2024-05-22	+13.55 (W, 11-3) vs Notre Dame on 2024-03-08	-16.35 (L, 5-10) vs Charlotte on 2024-02-18	0.808
64	0.565	
Samford
Samford
36-20-0	0.643	52	0.582	54	0.644	102	1541.35	+11.54 (W, 10-1) vs Wofford on 2024-05-25	+12.36 (W, 9-7) vs Kentucky on 2024-04-09	-13.71 (L, 2-12) vs Western Carolina on 2024-04-20	0.636
65	0.565	
Texas Tech
Texas Tech
33-26-0	0.559	52	0.582	79	0.606	74	1553.25	-5.46 (L, 0-4) vs Oklahoma State on 2024-05-24	+12.10 (W, 7-2) vs Texas on 2024-03-09	-11.47 (L, 3-17) vs New Mexico on 2024-04-23	0.707
66	0.563	
Miami
Miami
27-30-0	0.474	12	0.630	145	0.524	93	1546.46	-6.91 (L, 2-8) vs Duke on 2024-05-25	+15.66 (W, 14-1) vs North Carolina on 2024-03-15	-12.22 (L, 2-4) vs Long Island on 2024-02-24	0.808
67	0.560	
Creighton
Creighton
35-17-0	0.673	90	0.541	41	0.661	77	1551.48	-5.51 (L, 1-2) vs Seton Hall on 2024-05-18	+8.94 (W, 7-3) vs Coastal Carolina on 2024-04-23	-12.63 (L, 6-13) vs Villanova on 2024-04-20	0.536
68	0.560	
Kansas State
Kansas State
32-24-0	0.571	42	0.587	164	0.497	79	1551.08	-6.62 (L, 4-9) vs TCU on 2024-05-23	+12.32 (W, 14-6) vs Texas on 2024-03-28	-11.08 (L, 7-11) vs Cincinnati on 2024-03-09	0.707
69	0.556	
Stetson
Stetson
39-20-0	0.661	219	0.454	48	0.652	37	1598.73	+7.01 (W, 9-3) vs FGCU on 2024-05-25	+13.11 (W, 7-4) vs Florida on 2024-02-27	-9.17 (L, 6-8) vs Jacksonville on 2024-03-16	0.366
70	0.555	
Nicholls
Nicholls
34-20-0	0.655	132	0.511	24	0.698	64	1559.25	+5.93 (W, 15-1) vs McNeese on 2024-05-25	+8.97 (W, 3-0) vs Lamar on 2024-05-12	-8.09 (L, 6-10) vs McNeese on 2024-05-18	0.520
71	0.553	
Cincinnati
Cincinnati
32-25-0	0.561	93	0.539	110	0.572	67	1556.32	-8.75 (L, 5-10) vs Texas Tech on 2024-05-23	+12.91 (W, 10-6) vs Oklahoma on 2024-05-17	-9.55 (L, 2-25) vs Coastal Carolina on 2024-02-25	0.707
72	0.552	
Cal Poly
Cal Poly
35-22-0	0.614	122	0.519	61	0.634	66	1557.17	+4.27 (W, 7-6) vs Long Beach State on 2024-05-25	+12.03 (W, 8-3) vs UC Santa Barbara on 2024-03-22	-13.10 (L, 2-8) vs Cal State Fullerton on 2024-03-28	0.602
73	0.551	
St. John's
St. John's
37-16-1	0.694	147	0.504	24	0.698	85	1548.66	+7.24 (W, 4-2) vs Georgetown on 2024-05-25	+11.66 (W, 11-6) vs Houston on 2024-02-25	-12.23 (L, 4-11) vs Connecticut on 2024-04-12	0.536
74	0.548	
Campbell
Campbell
31-22-0	0.585	93	0.539	110	0.572	69	1555.86	-8.59 (L, 3-11) vs William & Mary on 2024-05-18	+12.58 (W, 18-4) vs Duke on 2024-04-23	-11.53 (L, 7-11) vs Hofstra on 2024-04-19	0.536
75	0.548	
Old Dominion
Old Dominion
31-26-0	0.544	32	0.597	114	0.565	110	1534.66	-9.00 (L, 5-15) vs James Madison on 2024-05-24	+10.85 (W, 15-4) vs Coastal Carolina on 2024-04-06	-12.50 (L, 4-18) vs Texas State on 2024-05-03	0.617
76	0.547	
Wichita State
Wichita State
32-28-0	0.533	78	0.554	70	0.619	75	1552.93	+11.76 (W, 12-2) vs East Carolina on 2024-05-25	+14.19 (W, 14-4) vs East Carolina on 2024-05-23	-12.34 (L, 3-7) vs USF on 2024-04-05	0.567
77	0.547	
Murray State
Murray State
37-20-0	0.649	138	0.509	77	0.607	73	1554.36	-6.12 (L, 4-11) vs Indiana State on 2024-05-23	+8.01 (W, 12-7) vs Arkansas State on 2024-03-05	-10.87 (L, 4-15) vs Belmont on 2024-03-28	0.536
78	0.547	
Appalachian State
Appalachian State
33-21-1	0.609	115	0.524	87	0.600	81	1550.26	-4.38 (L, 5-7) vs Southern Miss on 2024-05-25	+14.54 (W, 16-8) vs Coastal Carolina on 2024-03-23	-12.96 (L, 1-5) vs Gardner-Webb on 2024-02-17	0.617
79	0.546	
South Alabama
South Alabama
31-25-0	0.554	60	0.568	171	0.489	89	1547.39	-4.39 (L, 2-3) vs Old Dominion on 2024-05-21	+11.99 (W, 10-0) vs UL Lafayette on 2024-05-17	-10.30 (L, 2-13) vs Nebraska on 2024-03-09	0.617
80	0.545	
Tulane
Tulane
34-24-0	0.586	123	0.518	66	0.625	72	1554.94	+6.90 (W, 13-1) vs Florida Atlantic on 2024-05-25	+12.58 (W, 7-3) vs East Carolina on 2024-05-11	-10.01 (L, 2-4) vs Rice on 2024-03-24	0.567
81	0.544	
Kennesaw State
Kennesaw State
32-23-0	0.582	66	0.563	96	0.584	78	1551.27	+3.76 (W, 6-5) vs Central Arkansas on 2024-05-25	+18.24 (W, 18-1) vs Clemson on 2024-02-23	-11.47 (L, 5-15) vs Queens (NC) on 2024-04-20	0.366
82	0.543	
Cal State Northridge
Cal State Northridge
30-24-0	0.556	78	0.554	120	0.554	94	1545.31	-6.28 (L, 9-14) vs UC Irvine on 2024-05-25	+10.83 (W, 14-9) vs UC Irvine on 2024-05-24	-9.69 (L, 5-6) vs Utah Valley on 2024-02-17	0.602
83	0.543	
Utah
Utah
33-22-0	0.600	136	0.510	71	0.617	82	1550.14	+7.53 (W, 4-2) vs Oregon on 2024-05-22	+12.05 (W, 14-11) vs Oregon State on 2024-03-17	-10.02 (L, 8-11) vs Utah Tech on 2024-05-07	0.636
84	0.543	
Maryland
Maryland
34-22-0	0.607	151	0.501	152	0.516	63	1560.84	-8.35 (L, 7-19) vs Penn State on 2024-05-17	+10.37 (W, 11-2) vs Nebraska on 2024-04-20	-11.76 (L, 1-12) vs Michigan on 2024-03-30	0.614
85	0.542	
Iowa
Iowa
29-23-0	0.566	111	0.526	59	0.639	90	1547.12	-5.69 (L, 2-4) vs Illinois on 2024-05-23	+10.73 (W, 13-7) vs Ole Miss on 2024-03-01	-11.17 (L, 4-8) vs Lehigh on 2024-02-18	0.614
86	0.542	
Pittsburgh
Pittsburgh
25-29-0	0.463	16	0.621	148	0.520	124	1521.88	-4.67 (L, 2-12) vs North Carolina on 2024-05-23	+12.54 (W, 8-4) vs Clemson on 2024-04-20	-9.96 (L, 1-10) vs Penn State on 2024-03-26	0.808
87	0.541	
Sam Houston State
Sam Houston State
34-24-0	0.586	112	0.525	60	0.635	86	1548.53	-6.06 (L, 3-5) vs Louisiana Tech on 2024-05-24	+9.73 (W, 10-0) vs Western Kentucky on 2024-04-13	-13.13 (L, 2-19) vs Oklahoma State on 2024-02-18	0.533
88	0.540	
VCU
VCU
37-21-0	0.638	222	0.453	57	0.640	54	1573.73	+4.62 (W, 16-1) vs Richmond on 2024-05-25	+13.77 (W, 10-1) vs Boston College on 2024-03-03	-11.04 (L, 6-11) vs St. Bonaventure on 2024-04-14	0.456
89	0.539	
UTSA
UTSA
32-24-0	0.571	103	0.534	90	0.593	96	1544.31	-8.24 (L, 5-12) vs Florida Atlantic on 2024-05-22	+9.60 (W, 14-4) vs Charlotte on 2024-04-06	-13.03 (L, 5-12) vs Memphis on 2024-04-13	0.567
90	0.539	
East Tennessee State
East Tennessee State
36-20-0	0.643	155	0.499	73	0.615	101	1541.86	-6.49 (L, 10-13) vs Wofford on 2024-05-25	+10.14 (W, 12-2) vs Purdue on 2024-04-21	-13.08 (L, 0-16) vs Tennessee on 2024-02-21	0.636
91	0.538	
Michigan
Michigan
32-28-0	0.533	74	0.556	184	0.469	92	1546.64	-5.40 (L, 6-7) vs Penn State on 2024-05-25	+11.76 (W, 12-1) vs Maryland on 2024-03-30	-9.32 (L, 2-11) vs Indiana on 2024-05-16	0.614
92	0.536	
Texas State
Texas State
27-28-0	0.491	22	0.611	75	0.609	133	1518.01	-5.53 (L, 3-5) vs Southern Miss on 2024-05-18	+12.50 (W, 18-4) vs Old Dominion on 2024-05-03	-11.99 (L, 4-7) vs Kansas on 2024-02-23	0.617
93	0.535	
Grand Canyon
Grand Canyon
34-23-0	0.596	201	0.464	37	0.674	58	1572.03	-6.94 (L, 9-10) vs UTRGV on 2024-05-23	+10.21 (W, 24-8) vs Arizona on 2024-04-30	-11.83 (L, 11-16) vs Utah Valley on 2024-05-16	0.396
94	0.533	
Purdue
Purdue
32-24-0	0.579	129	0.512	33	0.679	109	1535.58	-6.44 (L, 2-6) vs Nebraska on 2024-05-22	+9.56 (W, 6-1) vs Samford on 2024-03-16	-10.96 (L, 8-10) vs Stony Brook on 2024-02-17	0.614
95	0.529	
Illinois-Chicago
Illinois-Chicago
34-20-0	0.636	171	0.488	125	0.546	98	1544.13	-4.15 (L, 3-5) vs Indiana State on 2024-05-24	+9.30 (W, 12-2) vs Murray State on 2024-05-23	-10.55 (L, 2-8) vs Kansas on 2024-02-18	0.536
96	0.528	
Rutgers
Rutgers
28-25-0	0.528	126	0.515	99	0.582	100	1542.47	+10.09 (W, 12-1) vs Ohio State on 2024-05-18	+10.87 (W, 10-3) vs Old Dominion on 2024-02-23	-13.07 (L, 2-12) vs High Point on 2024-03-08	0.614
97	0.528	
Xavier
Xavier
29-27-0	0.518	49	0.583	196	0.449	116	1528.07	-6.60 (L, 6-9) vs Georgetown on 2024-05-24	+11.60 (W, 9-1) vs Louisville on 2024-02-21	-11.02 (L, 1-10) vs Seton Hall on 2024-04-21	0.536
98	0.527	
Ohio State
Ohio State
29-26-0	0.527	65	0.564	135	0.536	121	1524.29	-7.56 (L, 5-12) vs Nebraska on 2024-05-24	+10.72 (W, 9-3) vs Nebraska on 2024-04-07	-11.60 (L, 4-14) vs Arizona State on 2024-02-23	0.614
99	0.526	
High Point
High Point
34-25-0	0.576	143	0.506	122	0.553	87	1548.43	+8.04 (W, 6-0) vs USC Upstate on 2024-05-25	+14.74 (W, 7-3) vs Ole Miss on 2024-02-23	-9.30 (L, 3-8) vs Gardner-Webb on 2024-05-17	0.425
100	0.526	
Georgetown
Georgetown
36-21-0	0.632	159	0.495	45	0.657	113	1531.37	-7.24 (L, 2-4) vs St. John's on 2024-05-25	+9.60 (W, 18-8) vs Xavier on 2024-05-12	-10.03 (L, 6-10) vs UMBC on 2024-04-16	0.536
101	0.523	
Western Kentucky
Western Kentucky
36-22-0	0.621	231	0.448	137	0.535	71	1555.51	-4.65 (L, 5-7) vs Dallas Baptist on 2024-05-25	+13.62 (W, 4-1) vs Dallas Baptist on 2024-04-05	-11.95 (L, 9-16) vs Middle Tennessee on 2024-04-26	0.533
102	0.521	
Saint Mary's (CA)
Saint Mary's (CA)
34-22-0	0.607	197	0.467	85	0.603	84	1549.43	-9.03 (L, 5-11) vs Gonzaga on 2024-05-24	+10.30 (W, 9-7) vs Florida on 2024-03-09	-9.03 (L, 5-11) vs Gonzaga on 2024-05-24	0.433
103	0.519	
Houston
Houston
26-28-0	0.481	24	0.608	105	0.578	165	1493.66	-3.81 (L, 2-9) vs Oklahoma State on 2024-05-18	+13.89 (W, 9-1) vs Texas on 2024-04-12	-12.02 (L, 2-4) vs BYU on 2024-03-15	0.707
104	0.517	
USC Upstate
USC Upstate
36-24-0	0.600	162	0.493	83	0.604	112	1533.83	-8.04 (L, 0-6) vs High Point on 2024-05-25	+13.62 (W, 16-9) vs Western Carolina on 2024-02-21	-13.95 (L, 3-12) vs Radford on 2024-03-24	0.425
105	0.517	
Southeast Missouri
Southeast Missouri
34-25-0	0.576	216	0.455	68	0.623	70	1555.66	+6.78 (W, 9-6) vs Morehead State on 2024-05-25	+10.54 (W, 8-3) vs Missouri on 2024-02-27	-10.33 (L, 9-13) vs SIUE on 2024-03-29	0.400
106	0.517	
Missouri
Missouri
23-32-0	0.418	60	0.568	192	0.456	123	1522.66	+9.03 (W, 4-3) vs Mississippi State on 2024-05-18	+13.94 (W, 8-3) vs South Carolina on 2024-05-04	-16.03 (L, 3-10) vs San Diego State on 2024-02-23	0.829
107	0.514	
FGCU
FGCU
30-26-0	0.536	174	0.486	119	0.556	80	1550.57	-7.01 (L, 3-9) vs Stetson on 2024-05-25	+8.70 (W, 6-0) vs Stetson on 2024-04-12	-11.45 (L, 0-10) vs Queens (NC) on 2024-03-28	0.366
108	0.513	
UC San Diego
UC San Diego
30-23-0	0.566	132	0.511	112	0.571	131	1518.09	-4.88 (L, 5-7) vs Cal Poly on 2024-05-19	+15.71 (W, 15-4) vs UC Irvine on 2024-04-12	-12.77 (L, 1-10) vs Long Beach State on 2024-04-06	0.602
109	0.512	
Michigan State
Michigan State
24-27-0	0.471	82	0.550	185	0.468	122	1523.53	+11.18 (W, 11-6) vs Nebraska on 2024-05-18	+16.43 (W, 19-6) vs Georgia on 2024-02-28	-12.79 (L, 4-10) vs Seton Hall on 2024-02-17	0.614
110	0.508	
Saint Louis
Saint Louis
37-16-0	0.698	219	0.454	29	0.686	137	1515.98	-9.00 (L, 0-14) vs Saint Joseph's on 2024-05-23	+9.09 (W, 13-8) vs Illinois State on 2024-02-16	-13.41 (L, 1-9) vs Saint Joseph's on 2024-04-06	0.456
111	0.508	
Columbia
Columbia
26-18-0	0.591	204	0.463	107	0.576	97	1544.18	-9.73 (L, 6-16) vs Princeton on 2024-05-18	+8.24 (W, 14-6) vs Penn on 2024-03-30	-10.26 (L, 8-13) vs Wagner on 2024-05-14	0.325
112	0.507	
Delaware
Delaware
31-25-0	0.554	125	0.516	81	0.605	143	1511.81	+8.49 (W, 18-8) vs William & Mary on 2024-05-24	+10.88 (W, 14-11) vs Northeastern on 2024-04-14	-10.25 (L, 5-15) vs Delaware State on 2024-05-14	0.536
113	0.506	
Stanford
Stanford
22-33-0	0.400	49	0.583	244	0.369	129	1518.40	-4.50 (L, 3-6) vs Arizona on 2024-05-24	+11.50 (W, 19-7) vs Oregon on 2024-04-19	-9.48 (L, 4-15) vs Penn State on 2024-02-23	0.636
114	0.506	
Austin Peay
Austin Peay
35-21-0	0.625	245	0.435	36	0.676	103	1540.15	-4.68 (L, 3-5) vs Stetson on 2024-05-23	+15.50 (W, 15-6) vs Auburn on 2024-03-09	-10.74 (L, 12-22) vs Queens (NC) on 2024-03-24	0.366
115	0.506	
Santa Clara
Santa Clara
26-26-0	0.500	181	0.481	150	0.518	95	1545.26	-6.28 (L, 4-9) vs Gonzaga on 2024-05-22	+9.02 (W, 8-4) vs Washington on 2024-03-01	-7.91 (L, 6-11) vs Arizona State on 2024-02-16	0.433
116	0.506	
Baylor
Baylor
22-31-0	0.415	29	0.601	230	0.403	153	1502.83	-3.56 (L, 8-10) vs UCF on 2024-05-18	+10.63 (W, 14-5) vs Kansas on 2024-04-19	-9.01 (L, 5-18) vs West Virginia on 2024-04-26	0.707
117	0.505	
Abilene Christian
Abilene Christian
33-25-0	0.569	191	0.472	129	0.543	108	1536.00	-4.84 (L, 6-7) vs California Baptist on 2024-05-24	+8.97 (W, 10-0) vs UC Davis on 2024-04-12	-10.05 (L, 7-14) vs Northern Illinois on 2024-02-18	0.396
118	0.504	
California Baptist
California Baptist
36-25-0	0.590	187	0.474	97	0.583	115	1529.10	-6.95 (L, 1-9) vs Tarleton State on 2024-05-25	+9.95 (W, 25-4) vs Pepperdine on 2024-02-18	-11.28 (L, 9-21) vs Utah Tech on 2024-05-17	0.396
119	0.503	
Morehead State
Morehead State
37-24-0	0.607	253	0.424	64	0.626	99	1543.43	-6.78 (L, 6-9) vs Southeast Missouri on 2024-05-25	+8.95 (W, 12-1) vs Little Rock on 2024-03-24	-9.19 (L, 0-15) vs Tennessee Tech on 2024-04-06	0.400
120	0.502	
Mercer
Mercer
29-29-0	0.500	123	0.518	148	0.520	141	1512.67	-7.14 (L, 4-12) vs East Tennessee State on 2024-05-25	+12.75 (W, 13-6) vs Florida State on 2024-04-16	-11.13 (L, 1-6) vs UNC Greensboro on 2024-03-23	0.636
121	0.502	
Penn State
Penn State
29-23-0	0.558	197	0.467	140	0.532	120	1524.60	+5.40 (W, 7-6) vs Michigan on 2024-05-25	+11.25 (W, 15-4) vs Indiana on 2024-04-12	-15.06 (L, 3-10) vs Monmouth on 2024-02-17	0.614
122	0.502	
Washington
Washington
19-31-1	0.382	37	0.590	203	0.438	145	1509.36	-2.93 (L, 5-6) vs Arizona on 2024-05-22	+12.55 (W, 9-3) vs Texas on 2024-03-15	-9.02 (L, 4-8) vs Santa Clara on 2024-03-01	0.636
123	0.501	
Western Michigan
Western Michigan
31-21-0	0.604	247	0.433	71	0.617	104	1539.70	+6.83 (W, 10-3) vs Ball State on 2024-05-25	+10.62 (W, 9-3) vs Kent State on 2024-03-28	-8.94 (L, 3-8) vs Akron on 2024-04-27	0.380
124	0.500	
New Orleans
New Orleans
28-26-0	0.544	59	0.572	142	0.529	182	1485.90	-6.55 (L, 5-11) vs Southeastern Louisiana on 2024-05-24	+12.75 (W, 4-2) vs Georgia State on 2024-02-17	-13.27 (L, 1-7) vs Houston Christian on 2024-04-06	0.520
125	0.500	
Army
Army
31-21-0	0.596	224	0.452	38	0.672	119	1526.19	+4.66 (W, 3-0) vs Navy on 2024-05-20	+9.19 (W, 13-2) vs Air Force on 2024-03-02	-12.85 (L, 2-12) vs Lafayette on 2024-04-14	0.411
126	0.499	
Little Rock
Little Rock
32-24-0	0.571	231	0.448	174	0.482	105	1539.61	-4.98 (L, 3-4) vs Morehead State on 2024-05-23	+9.78 (W, 8-2) vs Southeast Missouri on 2024-04-05	-9.08 (L, 1-7) vs Lindenwood on 2024-03-29	0.400
127	0.499	
McNeese
McNeese
30-27-0	0.542	101	0.535	221	0.416	147	1506.63	-5.93 (L, 1-15) vs Nicholls on 2024-05-25	+11.09 (W, 14-4) vs Lamar on 2024-05-25	-10.34 (L, 2-6) vs Northwestern State on 2024-03-29	0.520
128	0.499	
UTRGV
UTRGV
29-24-0	0.547	227	0.451	107	0.576	106	1539.36	+6.94 (W, 10-9) vs Grand Canyon on 2024-05-23	+9.97 (W, 17-9) vs Texas on 2024-04-16	-8.93 (L, 5-12) vs Utah Tech on 2024-03-30	0.396
129	0.498	
San Jose State
San Jose State
24-32-0	0.429	58	0.575	198	0.448	146	1508.54	-6.01 (L, 5-8) vs Fresno State on 2024-05-25	+9.63 (W, 16-13) vs UNLV on 2024-03-03	-8.37 (L, 4-18) vs Nevada on 2024-04-12	0.458
130	0.498	
Air Force
Air Force
27-28-0	0.491	109	0.527	181	0.472	134	1516.76	-7.24 (L, 3-10) vs Fresno State on 2024-05-25	+11.03 (W, 10-6) vs Dallas Baptist on 2024-04-14	-9.19 (L, 2-13) vs Army on 2024-03-02	0.458
131	0.497	
Southern Illinois
Southern Illinois
33-27-0	0.550	171	0.488	126	0.545	140	1514.31	-4.47 (L, 3-7) vs Indiana State on 2024-05-25	+9.45 (W, 3-2) vs Indiana State on 2024-04-26	-15.33 (L, 2-12) vs Evansville on 2024-03-28	0.536
132	0.497	
Charlotte
Charlotte
24-34-0	0.414	64	0.566	215	0.420	144	1511.26	-5.69 (L, 8-10) vs Florida Atlantic on 2024-05-24	+16.35 (W, 10-5) vs Virginia Tech on 2024-02-18	-10.03 (L, 2-11) vs USF on 2024-03-29	0.567
133	0.497	
Boston College
Boston College
22-31-0	0.415	20	0.613	201	0.443	186	1478.51	-5.33 (L, 0-10) vs Clemson on 2024-05-18	+13.66 (W, 8-2) vs Virginia on 2024-04-25	-13.77 (L, 1-10) vs VCU on 2024-03-03	0.808
134	0.497	
Liberty
Liberty
24-34-0	0.414	42	0.587	157	0.508	158	1499.11	-3.91 (L, 5-6) vs Louisiana Tech on 2024-05-25	+10.74 (W, 13-8) vs Virginia Tech on 2024-05-08	-13.39 (L, 0-10) vs Middle Tennessee on 2024-03-23	0.533
135	0.496	
Florida Atlantic
Florida Atlantic
28-29-0	0.491	140	0.507	166	0.496	136	1516.27	-6.90 (L, 1-13) vs Tulane on 2024-05-25	+9.89 (W, 5-4) vs Vanderbilt on 2024-02-17	-9.12 (L, 9-14) vs Wichita State on 2024-04-13	0.567
136	0.496	
Southeastern Louisiana
Southeastern Louisiana
28-28-0	0.517	121	0.520	101	0.581	149	1503.55	-5.16 (L, 3-4) vs Nicholls on 2024-05-24	+8.80 (W, 14-7) vs New Orleans on 2024-05-04	-12.84 (L, 2-9) vs Houston Christian on 2024-03-29	0.520
137	0.495	
Central Arkansas
Central Arkansas
26-30-0	0.464	101	0.535	188	0.462	128	1519.18	-3.76 (L, 5-6) vs Kennesaw State on 2024-05-25	+8.46 (W, 4-3) vs VMI on 2024-02-17	-8.02 (L, 3-10) vs Eastern Kentucky on 2024-03-16	0.366
138	0.494	
Western Carolina
Western Carolina
28-26-0	0.519	95	0.538	160	0.503	171	1492.18	-6.22 (L, 8-10) vs Mercer on 2024-05-24	+13.71 (W, 12-2) vs Samford on 2024-04-20	-13.62 (L, 9-16) vs USC Upstate on 2024-02-21	0.636
139	0.493	
Illinois State
Illinois State
30-27-0	0.526	183	0.479	134	0.538	135	1516.74	-7.38 (L, 7-17) vs Evansville on 2024-05-25	+10.47 (W, 10-0) vs Southern Illinois on 2024-05-03	-12.72 (L, 8-20) vs St. Thomas (MN) on 2024-02-17	0.536
140	0.491	
BYU
BYU
21-31-0	0.404	78	0.554	219	0.417	152	1503.23	+7.72 (W, 12-8) vs Kansas State on 2024-05-18	+12.02 (W, 4-2) vs Houston on 2024-03-15	-11.90 (L, 2-6) vs UC Davis on 2024-02-23	0.707
141	0.491	
Ball State
Ball State
35-23-1	0.602	256	0.422	145	0.524	111	1534.27	-6.83 (L, 3-10) vs Western Michigan on 2024-05-25	+7.68 (W, 7-1) vs Illinois on 2024-02-25	-9.01 (L, 3-12) vs Northern Illinois on 2024-05-04	0.380
142	0.491	
UL Monroe
UL Monroe
25-30-0	0.455	81	0.552	156	0.509	168	1492.79	+3.53 (W, 7-6) vs Arkansas State on 2024-05-18	+13.05 (W, 11-3) vs Coastal Carolina on 2024-03-28	-8.91 (L, 4-13) vs Georgia State on 2024-03-23	0.617
143	0.488	
Bowling Green
Bowling Green
33-20-0	0.623	199	0.465	68	0.623	148	1504.26	-6.52 (L, 5-10) vs Ball State on 2024-05-25	+12.22 (W, 7-3) vs Middle Tennessee on 2024-02-18	-9.88 (L, 2-12) vs Kent State on 2024-04-28	0.380
144	0.488	
USF
USF
26-29-0	0.473	47	0.584	173	0.483	189	1477.03	-4.74 (L, 7-10) vs UAB on 2024-05-18	+12.34 (W, 7-3) vs Wichita State on 2024-04-05	-10.63 (L, 3-11) vs Tulane on 2024-04-12	0.567
145	0.487	
UC Davis
UC Davis
29-27-0	0.518	118	0.523	182	0.470	169	1492.64	-5.73 (L, 2-3) vs CSU Bakersfield on 2024-05-25	+11.90 (W, 6-2) vs BYU on 2024-02-23	-9.06 (L, 4-20) vs BYU on 2024-02-22	0.602
146	0.486	
William & Mary
William & Mary
32-26-0	0.552	151	0.501	83	0.604	177	1489.49	-8.49 (L, 8-18) vs Delaware on 2024-05-24	+10.60 (W, 4-1) vs UNC Wilmington on 2024-04-27	-11.72 (L, 3-12) vs Stony Brook on 2024-03-24	0.536
147	0.486	
Saint Joseph's
Saint Joseph's
29-26-0	0.527	213	0.457	124	0.547	126	1520.61	-10.18 (L, 6-14) vs Richmond on 2024-05-24	+13.41 (W, 9-1) vs Saint Louis on 2024-04-06	-10.18 (L, 6-14) vs Richmond on 2024-05-24	0.456
148	0.486	
Minnesota
Minnesota
24-23-0	0.521	189	0.473	94	0.585	150	1503.37	+3.34 (W, 4-2) vs Northwestern on 2024-05-18	+12.67 (W, 8-3) vs Illinois on 2024-04-06	-8.62 (L, 6-14) vs Iowa on 2024-03-30	0.614
149	0.485	
Wright State
Wright State
32-24-0	0.571	279	0.392	152	0.516	91	1546.82	-6.58 (L, 3-6) vs Youngstown State on 2024-05-24	+12.86 (W, 12-2) vs Oklahoma on 2024-02-25	-7.64 (L, 6-19) vs Milwaukee on 2024-03-16	0.313
150	0.485	
Tarleton State
Tarleton State
32-29-0	0.525	204	0.463	122	0.553	127	1520.09	+6.95 (W, 9-1) vs California Baptist on 2024-05-25	+9.00 (W, 4-1) vs California Baptist on 2024-03-22	-7.95 (L, 1-4) vs Utah Tech on 2024-04-13	0.396
151	0.484	
UNLV
UNLV
26-26-0	0.500	216	0.455	114	0.565	125	1521.10	-3.61 (L, 13-14) vs Arizona State on 2024-05-18	+7.67 (W, 11-1) vs Air Force on 2024-04-05	-10.41 (L, 15-31) vs New Mexico on 2024-03-09	0.458
152	0.484	
Niagara
Niagara
38-15-0	0.717	292	0.365	49	0.650	118	1526.76	+6.34 (W, 10-6) vs Fairfield on 2024-05-25	+8.71 (W, 8-5) vs James Madison on 2024-03-13	-9.68 (L, 0-5) vs Siena on 2024-04-21	0.328
153	0.484	
Rice
Rice
23-36-0	0.390	56	0.580	236	0.395	170	1492.44	-2.89 (L, 7-8) vs East Carolina on 2024-05-24	+11.16 (W, 9-3) vs UTSA on 2024-04-27	-8.57 (L, 0-3) vs UL Lafayette on 2024-02-25	0.567
154	0.483	
UAB
UAB
26-29-0	0.473	149	0.502	172	0.486	151	1503.33	-7.25 (L, 0-9) vs Rice on 2024-05-22	+9.68 (W, 7-3) vs UTSA on 2024-04-19	-8.44 (L, 3-14) vs Jacksonville State on 2024-03-13	0.567
155	0.482	
Bryant
Bryant
36-19-0	0.655	287	0.373	81	0.605	114	1530.45	+6.74 (W, 15-10) vs UMBC on 2024-05-25	+6.74 (W, 15-10) vs UMBC on 2024-05-25	-10.69 (L, 6-15) vs UMBC on 2024-05-16	0.363
156	0.482	
UCLA
UCLA
19-33-0	0.365	54	0.581	237	0.391	173	1491.25	+6.15 (W, 10-8) vs Stanford on 2024-05-18	+8.59 (W, 4-1) vs Washington State on 2024-03-15	-8.29 (L, 2-15) vs Southern California on 2024-03-22	0.636
157	0.482	
New Mexico
New Mexico
27-26-0	0.519	219	0.454	154	0.515	130	1518.15	-7.31 (L, 1-6) vs Fresno State on 2024-05-24	+11.47 (W, 17-3) vs Texas Tech on 2024-04-23	-12.84 (L, 2-13) vs Nevada on 2024-03-15	0.458
158	0.481	
Long Beach State
Long Beach State
26-28-1	0.482	219	0.454	179	0.474	131	1518.09	-4.27 (L, 6-7) vs Cal Poly on 2024-05-25	+12.77 (W, 10-1) vs UC San Diego on 2024-04-06	-9.27 (L, 6-10) vs UC Riverside on 2024-04-20	0.602
159	0.479	
Nevada
Nevada
25-26-0	0.490	109	0.527	164	0.497	176	1489.88	+5.35 (W, 16-9) vs San Diego State on 2024-05-18	+12.84 (W, 13-2) vs New Mexico on 2024-03-15	-10.17 (L, 9-21) vs Sacramento State on 2024-03-19	0.458
160	0.478	
Missouri State
Missouri State
23-34-0	0.404	47	0.584	139	0.533	195	1473.57	-5.81 (L, 4-6) vs Belmont on 2024-05-22	+10.25 (W, 17-3) vs Illinois-Chicago on 2024-04-11	-11.20 (L, 2-10) vs Bradley on 2024-04-06	0.536
161	0.477	
Dayton
Dayton
33-22-0	0.600	236	0.444	103	0.579	159	1498.48	-8.12 (L, 1-9) vs George Washington on 2024-05-23	+11.26 (W, 8-5) vs Vanderbilt on 2024-02-20	-9.31 (L, 3-7) vs Richmond on 2024-05-03	0.456
162	0.477	
Penn
Penn
24-23-0	0.511	263	0.414	161	0.502	107	1537.32	+4.03 (W, 12-6) vs Cornell on 2024-05-20	+8.09 (W, 8-4) vs Columbia on 2024-05-17	-8.24 (L, 6-14) vs Columbia on 2024-03-30	0.325
163	0.475	
Florida International
Florida International
27-30-0	0.474	25	0.605	198	0.448	235	1452.38	-5.10 (L, 5-8) vs Western Kentucky on 2024-05-24	+15.17 (W, 13-4) vs Louisiana Tech on 2024-03-28	-12.44 (L, 7-18) vs Jacksonville State on 2024-04-05	0.533
164	0.474	
Georgia State
Georgia State
25-32-0	0.439	40	0.588	195	0.451	217	1460.57	-4.03 (L, 1-5) vs Coastal Carolina on 2024-05-21	+12.68 (W, 18-8) vs Southern Miss on 2024-04-12	-12.75 (L, 2-4) vs New Orleans on 2024-02-17	0.617
165	0.472	
Gonzaga
Gonzaga
21-32-0	0.396	103	0.534	265	0.324	154	1502.57	-4.28 (L, 3-21) vs Portland on 2024-05-24	+9.23 (W, 13-9) vs Portland on 2024-04-21	-8.97 (L, 2-8) vs Pacific on 2024-05-04	0.433
166	0.472	
Gardner-Webb
Gardner-Webb
22-31-0	0.415	106	0.528	243	0.371	155	1500.37	-3.61 (L, 11-13) vs High Point on 2024-05-18	+12.96 (W, 5-1) vs Appalachian State on 2024-02-17	-6.67 (L, 4-12) vs UNC Asheville on 2024-05-11	0.425
167	0.471	
Northern Kentucky
Northern Kentucky
33-22-0	0.600	266	0.411	85	0.603	142	1512.37	+4.25 (W, 23-5) vs Youngstown State on 2024-05-25	+8.77 (W, 3-1) vs Missouri on 2024-03-01	-9.73 (L, 5-17) vs Milwaukee on 2024-04-27	0.313
168	0.470	
Fairfield
Fairfield
34-24-0	0.586	288	0.372	51	0.646	117	1526.78	-6.34 (L, 6-10) vs Niagara on 2024-05-25	+7.66 (W, 13-7) vs Stony Brook on 2024-04-30	-10.48 (L, 3-6) vs Mount St. Mary's on 2024-04-19	0.328
169	0.470	
Kent State
Kent State
25-26-0	0.491	175	0.485	122	0.553	163	1496.59	-8.07 (L, 2-8) vs Toledo on 2024-05-23	+9.88 (W, 12-2) vs Bowling Green on 2024-04-28	-11.83 (L, 4-9) vs Ohio on 2024-03-15	0.380
170	0.470	
Fresno State
Fresno State
32-27-0	0.542	206	0.462	107	0.576	172	1491.67	+6.01 (W, 8-5) vs San Jose State on 2024-05-25	+14.74 (W, 13-1) vs UC Irvine on 2024-03-08	-10.36 (L, 4-10) vs Loyola Marymount on 2024-04-16	0.458
171	0.469	
Oral Roberts
Oral Roberts
27-30-1	0.474	298	0.357	127	0.544	65	1557.99	+2.88 (W, 11-4) vs Northern Colorado on 2024-05-25	+9.89 (W, 3-1) vs Oklahoma on 2024-04-30	-7.09 (L, 5-7) vs St. Thomas (MN) on 2024-05-18	0.289
172	0.468	
New Mexico State
New Mexico State
25-29-0	0.463	164	0.492	193	0.455	167	1492.92	-5.28 (L, 2-8) vs Western Kentucky on 2024-05-23	+10.75 (W, 12-6) vs Louisiana Tech on 2024-05-05	-10.00 (L, 5-8) vs South Dakota State on 2024-02-18	0.533
173	0.467	
Loyola Marymount
Loyola Marymount
24-30-0	0.444	239	0.442	117	0.560	139	1515.27	+4.08 (W, 10-6) vs San Francisco on 2024-05-18	+10.79 (W, 9-4) vs UC Santa Barbara on 2024-04-23	-7.25 (L, 2-10) vs Dartmouth on 2024-03-17	0.433
174	0.464	
Belmont
Belmont
26-32-0	0.448	80	0.553	203	0.438	213	1463.77	-5.33 (L, 4-6) vs Illinois State on 2024-05-23	+13.07 (W, 11-2) vs South Carolina on 2024-02-24	-11.14 (L, 6-16) vs Eastern Michigan on 2024-02-18	0.536
175	0.461	
Rider
Rider
28-23-0	0.549	241	0.439	138	0.534	161	1497.08	-9.35 (L, 11-15) vs Marist on 2024-05-23	+12.45 (W, 6-2) vs Duke on 2024-03-12	-10.96 (L, 6-12) vs Manhattan on 2024-05-17	0.328
176	0.461	
Northwestern State
Northwestern State
19-34-0	0.382	90	0.541	219	0.417	187	1478.08	-4.94 (L, 5-12) vs Lamar on 2024-05-23	+11.92 (W, 5-3) vs Troy on 2024-03-01	-6.65 (L, 5-13) vs Nicholls on 2024-04-14	0.520
177	0.461	
Presbyterian
Presbyterian
29-27-0	0.518	148	0.503	129	0.543	203	1469.82	-4.13 (L, 8-9) vs USC Upstate on 2024-05-24	+10.09 (W, 8-3) vs Georgia State on 2024-04-24	-9.99 (L, 1-11) vs Gardner-Webb on 2024-03-30	0.425
178	0.460	
Jacksonville
Jacksonville
27-31-0	0.466	171	0.488	189	0.460	174	1490.23	-6.05 (L, 6-11) vs Central Arkansas on 2024-05-24	+9.17 (W, 8-6) vs Stetson on 2024-03-16	-9.04 (L, 1-9) vs North Alabama on 2024-04-05	0.366
179	0.458	
Miami (OH)
Miami (OH)
27-27-0	0.500	235	0.445	168	0.495	162	1496.86	-6.85 (L, 4-8) vs Toledo on 2024-05-24	+10.72 (W, 10-6) vs Middle Tennessee on 2024-02-23	-8.10 (L, 2-10) vs Kent State on 2024-05-04	0.380
180	0.457	
Lipscomb
Lipscomb
22-34-0	0.393	132	0.511	205	0.437	175	1490.10	-4.69 (L, 5-6) vs Jacksonville on 2024-05-23	+12.45 (W, 9-6) vs Tennessee on 2024-04-30	-9.14 (L, 8-15) vs Bellarmine on 2024-05-11	0.366
181	0.455	
Sacramento State
Sacramento State
26-31-0	0.456	227	0.451	132	0.541	164	1495.10	-6.15 (L, 6-12) vs Tarleton State on 2024-05-21	+10.17 (W, 21-9) vs Nevada on 2024-03-19	-8.58 (L, 0-5) vs UT Arlington on 2024-05-03	0.396
182	0.455	
Washington State
Washington State
21-32-0	0.396	115	0.524	208	0.430	206	1468.61	-4.47 (L, 4-10) vs Oregon on 2024-05-18	+12.77 (W, 6-4) vs Kentucky on 2024-02-23	-11.17 (L, 5-14) vs Washington on 2024-03-29	0.636
183	0.454	
Utah Valley
Utah Valley
25-29-0	0.500	181	0.481	159	0.504	192	1475.37	-6.15 (L, 3-9) vs California Baptist on 2024-05-23	+11.83 (W, 16-11) vs Grand Canyon on 2024-05-16	-8.47 (L, 4-8) vs UC Riverside on 2024-02-18	0.396
184	0.453	
Seton Hall
Seton Hall
24-30-0	0.444	173	0.487	176	0.476	191	1475.86	+5.51 (W, 2-1) vs Creighton on 2024-05-18	+12.79 (W, 10-4) vs Michigan State on 2024-02-17	-9.04 (L, 1-11) vs UMass on 2024-03-24	0.536
185	0.453	
Texas A&M-Corpus Christi
Texas A&M-Corpus Christi
21-35-0	0.386	68	0.560	246	0.368	215	1461.92	-4.61 (L, 4-7) vs New Orleans on 2024-05-23	+11.63 (W, 6-3) vs Lamar on 2024-04-19	-10.48 (L, 10-17) vs Stephen F. Austin on 2024-02-17	0.520
186	0.452	
North Carolina A&T
North Carolina A&T
25-28-0	0.472	106	0.528	194	0.454	234	1452.51	-6.38 (L, 1-2) vs Towson on 2024-05-17	+14.55 (W, 13-5) vs Northeastern on 2024-05-03	-10.22 (L, 2-7) vs College of Charleston on 2024-03-23	0.536
187	0.451	
Elon
Elon
21-32-0	0.396	127	0.514	258	0.342	188	1477.60	-2.69 (L, 1-13) vs College of Charleston on 2024-05-18	+11.86 (W, 3-0) vs Wake Forest on 2024-04-23	-9.62 (L, 13-21) vs Navy on 2024-02-17	0.536
188	0.450	
UMBC
UMBC
27-25-0	0.519	274	0.396	99	0.582	156	1500.03	-6.74 (L, 10-15) vs Bryant on 2024-05-25	+10.69 (W, 15-6) vs Bryant on 2024-05-16	-8.18 (L, 6-11) vs Binghamton on 2024-05-11	0.363
189	0.450	
Tennessee Tech
Tennessee Tech
29-26-0	0.527	256	0.422	141	0.531	180	1487.70	-4.85 (L, 1-3) vs UT Martin on 2024-05-22	+9.81 (W, 10-2) vs Southeast Missouri on 2024-04-20	-10.65 (L, 2-7) vs UT Martin on 2024-04-26	0.400
190	0.450	
UMass
UMass
24-29-0	0.453	153	0.500	203	0.438	202	1469.89	-5.63 (L, 2-12) vs Saint Joseph's on 2024-05-22	+16.83 (W, 10-5) vs Virginia on 2024-03-02	-8.55 (L, 8-17) vs George Washington on 2024-05-10	0.456
191	0.450	
Davidson
Davidson
24-28-0	0.462	229	0.450	196	0.449	179	1489.14	+3.61 (W, 10-9) vs George Mason on 2024-05-17	+11.73 (W, 14-2) vs Penn State on 2024-03-02	-9.66 (L, 8-15) vs Saint Joseph's on 2024-03-30	0.456
192	0.449	
Memphis
Memphis
23-32-0	0.418	164	0.492	214	0.421	196	1473.34	+7.77 (W, 11-10) vs Wichita State on 2024-05-18	+13.03 (W, 12-5) vs UTSA on 2024-04-13	-9.12 (L, 5-9) vs USF on 2024-03-23	0.567
193	0.448	
George Washington
George Washington
31-26-0	0.544	272	0.400	144	0.525	178	1489.39	-4.25 (L, 12-13) vs Saint Joseph's on 2024-05-24	+8.67 (W, 12-8) vs VCU on 2024-05-03	-8.88 (L, 2-5) vs George Mason on 2024-04-06	0.456
194	0.447	
San Diego State
San Diego State
17-37-0	0.315	97	0.537	273	0.306	185	1479.72	-5.35 (L, 9-16) vs Nevada on 2024-05-18	+16.03 (W, 10-3) vs Missouri on 2024-02-23	-8.21 (L, 9-13) vs UC Riverside on 2024-02-27	0.458
195	0.445	
Bucknell
Bucknell
22-24-0	0.478	234	0.446	200	0.446	184	1483.45	-3.73 (L, 5-6) vs Army on 2024-05-13	+8.35 (W, 10-6) vs Army on 2024-04-20	-7.16 (L, 2-8) vs Navy on 2024-03-16	0.411
196	0.445	
Incarnate Word
Incarnate Word
26-31-0	0.456	158	0.496	151	0.517	225	1457.13	-4.90 (L, 6-18) vs Lamar on 2024-05-24	+8.85 (W, 6-3) vs Lamar on 2024-05-22	-10.69 (L, 5-11) vs Texas A&M-Corpus Christi on 2024-03-23	0.520
197	0.445	
NJIT
NJIT
26-28-0	0.481	286	0.374	225	0.409	138	1515.90	-5.80 (L, 6-11) vs UMBC on 2024-05-24	+8.08 (W, 11-7) vs VMI on 2024-03-03	-8.29 (L, 11-17) vs Albany on 2024-04-26	0.363
198	0.445	
Long Island
Long Island
32-23-0	0.582	277	0.393	143	0.526	166	1493.18	+5.17 (W, 10-7) vs Sacred Heart on 2024-05-25	+12.22 (W, 4-2) vs Miami on 2024-02-24	-7.18 (L, 9-16) vs Merrimack on 2024-05-04	0.237
199	0.444	
Bethune-Cookman
Bethune-Cookman
32-27-0	0.542	216	0.455	99	0.582	193	1474.48	-5.74 (L, 0-3) vs Jackson State on 2024-05-25	+10.05 (W, 10-4) vs Florida International on 2024-02-20	-12.36 (L, 7-8) vs Stonehill on 2024-02-17	0.187
200	0.444	
Rhode Island
Rhode Island
19-28-0	0.404	90	0.541	251	0.351	224	1457.33	-4.89 (L, 3-5) vs Dayton on 2024-05-18	+11.47 (W, 7-1) vs Northeastern on 2024-03-16	-6.90 (L, 0-4) vs Quinnipiac on 2024-03-26	0.456
201	0.443	
The Citadel
The Citadel
21-32-0	0.396	115	0.524	238	0.390	228	1454.31	-3.12 (L, 3-8) vs Wofford on 2024-05-22	+11.66 (W, 12-2) vs USC Upstate on 2024-04-13	-16.82 (L, 10-22) vs St. Bonaventure on 2024-02-17	0.636
202	0.443	
Jacksonville State
Jacksonville State
18-34-0	0.346	67	0.562	252	0.350	229	1454.00	-4.13 (L, 2-6) vs Sam Houston State on 2024-05-18	+12.44 (W, 18-7) vs Florida International on 2024-04-05	-11.18 (L, 4-7) vs Memphis on 2024-02-17	0.533
203	0.441	
VMI
VMI
25-29-0	0.482	176	0.484	191	0.458	239	1449.41	-4.50 (L, 14-19) vs Mercer on 2024-05-22	+14.87 (W, 15-11) vs Wofford on 2024-03-28	-8.99 (L, 1-8) vs Georgetown on 2024-02-24	0.636
204	0.440	
Merrimack
Merrimack
33-26-0	0.559	292	0.365	89	0.594	157	1499.98	-5.87 (L, 9-11) vs Long Island on 2024-05-25	+7.82 (W, 8-3) vs Wagner on 2024-03-29	-6.74 (L, 4-7) vs Norfolk State on 2024-04-20	0.237
205	0.438	
Hofstra
Hofstra
24-33-0	0.421	143	0.506	261	0.330	221	1458.43	-6.17 (L, 6-16) vs William & Mary on 2024-05-24	+11.53 (W, 11-7) vs Campbell on 2024-04-19	-9.43 (L, 6-17) vs Manhattan on 2024-03-16	0.536
206	0.437	
UT Arlington
UT Arlington
22-34-0	0.393	138	0.509	208	0.430	214	1462.09	-4.14 (L, 5-8) vs UTRGV on 2024-05-21	+13.45 (W, 11-6) vs Boston College on 2024-02-23	-8.27 (L, 7-17) vs Houston on 2024-04-26	0.396
207	0.437	
Southern Indiana
Southern Indiana
27-32-0	0.458	209	0.460	166	0.496	207	1467.26	-4.57 (L, 4-6) vs Morehead State on 2024-05-24	+9.41 (W, 12-6) vs Southeast Missouri on 2024-04-13	-6.79 (L, 9-18) vs Morehead State on 2024-03-30	0.400
208	0.437	
Princeton
Princeton
18-26-0	0.409	212	0.458	268	0.313	181	1486.98	-4.16 (L, 4-9) vs Penn on 2024-05-19	+9.73 (W, 16-6) vs Columbia on 2024-05-18	-8.47 (L, 1-14) vs UNC Wilmington on 2024-02-23	0.325
209	0.435	
Oakland
Oakland
29-27-0	0.534	295	0.362	154	0.515	160	1497.16	-6.13 (L, 8-14) vs Fort Wayne on 2024-05-22	+8.43 (W, 7-3) vs Northern Kentucky on 2024-04-20	-10.03 (L, 2-13) vs Saint Mary's (CA) on 2024-02-16	0.313
210	0.434	
Stony Brook
Stony Brook
24-28-0	0.462	160	0.494	186	0.466	245	1443.53	-5.04 (L, 3-12) vs Northeastern on 2024-05-18	+17.02 (W, 5-2) vs LSU on 2024-02-23	-9.95 (L, 7-11) vs Monmouth on 2024-04-27	0.536
211	0.433	
Charleston Southern
Charleston Southern
22-32-0	0.407	62	0.567	242	0.376	257	1430.14	-4.29 (L, 2-4) vs USC Upstate on 2024-05-24	+9.78 (W, 11-8) vs Rutgers on 2024-03-02	-9.69 (L, 5-12) vs Longwood on 2024-04-07	0.425
212	0.433	
Sacred Heart
Sacred Heart
35-22-0	0.614	285	0.378	113	0.568	190	1476.40	-5.17 (L, 7-10) vs Long Island on 2024-05-25	+6.45 (W, 12-6) vs Le Moyne on 2024-04-12	-6.95 (L, 0-16) vs Nicholls on 2024-02-16	0.237
213	0.432	
Lehigh
Lehigh
23-23-1	0.510	264	0.412	174	0.482	197	1472.18	+5.09 (W, 4-0) vs Holy Cross on 2024-05-05	+11.17 (W, 8-4) vs Iowa on 2024-02-18	-7.88 (L, 4-6) vs Lafayette on 2024-03-22	0.411
214	0.429	
Alabama State
Alabama State
29-27-0	0.518	243	0.438	129	0.543	209	1465.16	-4.72 (L, 10-11) vs Grambling on 2024-05-24	+10.62 (W, 9-1) vs Valparaiso on 2024-02-18	-16.20 (L, 2-8) vs Valparaiso on 2024-02-17	0.187
215	0.429	
Jackson State
Jackson State
32-19-0	0.655	277	0.393	50	0.649	220	1458.54	+5.74 (W, 3-0) vs Bethune-Cookman on 2024-05-25	+9.52 (W, 10-3) vs New Orleans on 2024-04-23	-10.22 (L, 1-10) vs Florida A&M on 2024-03-28	0.187
216	0.429	
Eastern Illinois
Eastern Illinois
20-32-0	0.377	192	0.471	229	0.404	205	1469.37	-6.00 (L, 4-12) vs SIUE on 2024-05-22	+8.11 (W, 5-1) vs Morehead State on 2024-05-12	-8.18 (L, 13-20) vs Southeast Missouri on 2024-03-22	0.400
217	0.429	
Northwestern
Northwestern
18-34-0	0.346	57	0.576	248	0.361	268	1424.57	-3.34 (L, 2-4) vs Minnesota on 2024-05-18	+10.59 (W, 6-3) vs Louisville on 2024-03-10	-11.92 (L, 2-6) vs Tulane on 2024-02-17	0.614
218	0.428	
UNC Asheville
UNC Asheville
22-28-0	0.440	204	0.463	216	0.419	219	1458.56	-5.62 (L, 2-7) vs Presbyterian on 2024-05-17	+7.86 (W, 5-3) vs Charleston Southern on 2024-03-24	-7.68 (L, 4-17) vs VMI on 2024-03-16	0.425
219	0.426	
Richmond
Richmond
27-32-0	0.458	258	0.420	217	0.418	204	1469.54	-4.62 (L, 1-16) vs VCU on 2024-05-25	+10.18 (W, 14-6) vs Saint Joseph's on 2024-05-24	-8.56 (L, 10-20) vs Towson on 2024-05-07	0.456
220	0.426	
Marshall
Marshall
18-37-0	0.327	88	0.542	278	0.299	248	1441.72	-2.65 (L, 5-9) vs Coastal Carolina on 2024-05-18	+11.71 (W, 7-1) vs Texas State on 2024-04-05	-9.24 (L, 2-6) vs Michigan State on 2024-02-24	0.617
221	0.425	
Winthrop
Winthrop
19-29-1	0.398	156	0.498	247	0.365	238	1449.91	-3.46 (L, 3-4) vs Charleston Southern on 2024-05-17	+12.70 (W, 16-6) vs Wofford on 2024-03-26	-8.30 (L, 3-20) vs Presbyterian on 2024-04-12	0.425
222	0.425	
Monmouth
Monmouth
18-30-0	0.375	153	0.500	225	0.409	240	1446.61	+6.93 (W, 30-3) vs Hofstra on 2024-05-18	+15.06 (W, 10-3) vs Penn State on 2024-02-17	-8.79 (L, 1-10) vs Army on 2024-02-18	0.536
223	0.425	
Florida A&M
Florida A&M
29-27-0	0.518	143	0.506	90	0.593	259	1429.84	-6.24 (L, 11-14) vs Grambling on 2024-05-25	+10.22 (W, 10-1) vs Jackson State on 2024-03-28	-8.06 (L, 3-7) vs Mississippi Valley on 2024-05-17	0.187
224	0.425	
San Francisco
San Francisco
21-34-0	0.382	199	0.465	222	0.414	210	1464.95	-4.08 (L, 6-10) vs Loyola Marymount on 2024-05-18	+9.58 (W, 7-2) vs Nevada on 2024-02-25	-7.00 (L, 0-4) vs CSU Bakersfield on 2024-03-03	0.433
225	0.424	
Navy
Navy
28-23-0	0.549	295	0.362	129	0.543	198	1471.79	-4.66 (L, 0-3) vs Army on 2024-05-20	+9.62 (W, 21-13) vs Elon on 2024-02-17	-7.81 (L, 2-6) vs Lafayette on 2024-04-07	0.411
226	0.423	
Cal State Fullerton
Cal State Fullerton
16-38-0	0.296	84	0.548	232	0.401	256	1435.05	-3.42 (L, 2-5) vs Hawaii on 2024-05-25	+15.51 (W, 9-2) vs UC Irvine on 2024-05-18	-10.90 (L, 1-4) vs Stanford on 2024-02-18	0.602
227	0.423	
Holy Cross
Holy Cross
26-27-0	0.491	249	0.431	176	0.476	227	1455.16	-5.93 (L, 2-6) vs Navy on 2024-05-12	+10.48 (W, 13-10) vs Kansas State on 2024-02-24	-7.42 (L, 3-11) vs Iona on 2024-03-16	0.411
228	0.423	
Binghamton
Binghamton
21-29-0	0.420	214	0.456	170	0.490	218	1458.89	-5.16 (L, 2-5) vs NJIT on 2024-05-23	+13.87 (W, 8-5) vs UNC Greensboro on 2024-02-23	-7.12 (L, 0-2) vs UMBC on 2024-03-22	0.363
229	0.421	
Toledo
Toledo
27-32-0	0.458	274	0.396	169	0.493	194	1473.99	-3.83 (L, 3-4) vs Ball State on 2024-05-24	+10.47 (W, 12-1) vs Kent State on 2024-04-13	-7.42 (L, 0-13) vs Miami (OH) on 2024-04-19	0.380
230	0.421	
UMass Lowell
UMass Lowell
24-31-0	0.436	206	0.462	224	0.410	230	1453.83	-4.34 (L, 6-8) vs NJIT on 2024-05-24	+7.04 (W, 9-7) vs Bryant on 2024-04-20	-11.31 (L, 1-11) vs Albany on 2024-03-22	0.363
231	0.420	
Eastern Kentucky
Eastern Kentucky
22-36-0	0.379	229	0.450	269	0.310	199	1471.54	-4.41 (L, 0-10) vs Lipscomb on 2024-05-22	+8.02 (W, 10-3) vs Central Arkansas on 2024-03-16	-7.11 (L, 6-17) vs Auburn on 2024-02-16	0.366
232	0.420	
Arkansas State
Arkansas State
21-32-1	0.398	176	0.484	259	0.335	247	1442.57	-3.53 (L, 6-7) vs UL Monroe on 2024-05-18	+10.39 (W, 8-1) vs James Madison on 2024-05-04	-9.92 (L, 2-8) vs Missouri State on 2024-03-01	0.617
233	0.420	
Ohio
Ohio
18-32-0	0.360	189	0.473	275	0.303	212	1464.53	+4.01 (W, 2-1) vs Akron on 2024-05-17	+11.83 (W, 9-4) vs Kent State on 2024-03-15	-6.09 (L, 3-8) vs Lipscomb on 2024-02-18	0.380
234	0.420	
North Dakota State
North Dakota State
19-30-1	0.402	239	0.442	240	0.385	201	1469.95	-4.49 (L, 9-10) vs Northern Colorado on 2024-05-24	+8.72 (W, 21-14) vs Iowa on 2024-05-01	-8.52 (L, 4-7) vs Omaha on 2024-03-16	0.289
235	0.419	
Middle Tennessee
Middle Tennessee
20-35-0	0.364	178	0.483	262	0.329	236	1451.78	-3.20 (L, 0-2) vs Sam Houston State on 2024-05-24	+13.39 (W, 10-0) vs Liberty on 2024-03-23	-12.22 (L, 3-7) vs Bowling Green on 2024-02-18	0.533
236	0.418	
Central Michigan
Central Michigan
14-38-0	0.296	136	0.510	281	0.286	222	1458.33	-4.03 (L, 0-10) vs Western Michigan on 2024-05-18	+8.93 (W, 10-0) vs Michigan State on 2024-04-09	-6.32 (L, 1-3) vs Texas A&M-Corpus Christi on 2024-02-16	0.380
237	0.418	
Harvard
Harvard
13-26-0	0.333	193	0.470	207	0.432	211	1464.72	-5.66 (L, 4-6) vs Yale on 2024-05-12	+6.88 (W, 14-6) vs Cornell on 2024-04-07	-5.66 (L, 4-6) vs Yale on 2024-05-12	0.325
238	0.416	
Longwood
Longwood
23-29-0	0.442	211	0.459	205	0.437	246	1442.74	+3.11 (W, 12-11) vs Radford on 2024-05-17	+12.59 (W, 13-0) vs Samford on 2024-03-30	-9.10 (L, 4-9) vs Winthrop on 2024-03-16	0.425
239	0.415	
George Mason
George Mason
21-32-0	0.396	185	0.477	223	0.413	249	1440.73	-3.61 (L, 9-10) vs Davidson on 2024-05-17	+9.84 (W, 13-2) vs Georgetown on 2024-05-01	-7.01 (L, 0-26) vs Coastal Carolina on 2024-02-16	0.456
240	0.414	
North Florida
North Florida
21-30-1	0.413	264	0.412	256	0.346	200	1471.46	-3.33 (L, 8-18) vs FGCU on 2024-05-18	+9.58 (W, 13-6) vs Yale on 2024-02-23	-12.37 (L, 6-12) vs Bellarmine on 2024-03-28	0.366
241	0.412	
Cornell
Cornell
17-21-0	0.447	201	0.464	217	0.418	252	1439.48	-4.03 (L, 6-12) vs Penn on 2024-05-20	+12.69 (W, 11-4) vs Georgia Tech on 2024-02-25	-8.04 (L, 2-11) vs Brown on 2024-05-04	0.325
242	0.411	
Valparaiso
Valparaiso
14-38-0	0.269	40	0.588	279	0.296	278	1413.80	-2.23 (L, 4-15) vs Indiana State on 2024-05-18	+16.20 (W, 8-2) vs Alabama State on 2024-02-17	-10.62 (L, 1-9) vs Alabama State on 2024-02-18	0.536
243	0.408	
Omaha
Omaha
18-32-1	0.363	283	0.382	211	0.426	183	1484.23	-4.54 (L, 5-7) vs North Dakota State on 2024-05-23	+8.52 (W, 7-4) vs North Dakota State on 2024-03-16	-9.26 (L, 4-14) vs Arkansas State on 2024-02-16	0.289
244	0.407	
SIUE
SIUE
20-34-1	0.384	269	0.406	252	0.350	208	1467.00	-2.97 (L, 1-3) vs Morehead State on 2024-05-22	+10.33 (W, 13-9) vs Southeast Missouri on 2024-03-29	-7.75 (L, 6-14) vs Lindenwood on 2024-03-23	0.400
245	0.407	
Northern Illinois
Northern Illinois
22-32-0	0.407	224	0.452	254	0.349	242	1444.91	+3.31 (W, 9-8) vs Eastern Michigan on 2024-05-18	+10.05 (W, 14-7) vs Abilene Christian on 2024-02-18	-7.95 (L, 4-23) vs Toledo on 2024-03-28	0.380
246	0.407	
Houston Christian
Houston Christian
18-31-0	0.367	115	0.524	277	0.302	272	1417.53	-5.66 (L, 4-14) vs Incarnate Word on 2024-05-18	+13.27 (W, 7-1) vs New Orleans on 2024-04-06	-7.81 (L, 4-14) vs Eastern Michigan on 2024-02-29	0.520
247	0.405	
Villanova
Villanova
18-33-0	0.353	162	0.493	227	0.407	266	1425.52	-4.91 (L, 5-16) vs Xavier on 2024-05-18	+12.63 (W, 13-6) vs Creighton on 2024-04-20	-7.01 (L, 10-18) vs Bucknell on 2024-04-23	0.536
248	0.405	
Seattle
Seattle
16-36-0	0.321	195	0.468	280	0.288	233	1452.60	-2.72 (L, 10-11) vs Abilene Christian on 2024-05-18	+7.94 (W, 4-0) vs UT Arlington on 2024-05-11	-10.79 (L, 4-13) vs UC Davis on 2024-02-16	0.396
249	0.403	
CSU Bakersfield
CSU Bakersfield
15-38-0	0.283	119	0.522	263	0.326	269	1424.11	+5.73 (W, 3-2) vs UC Davis on 2024-05-25	+12.21 (W, 5-0) vs Cal Poly on 2024-04-12	-8.51 (L, 1-11) vs Pacific on 2024-04-09	0.602
250	0.400	
Butler
Butler
20-35-0	0.364	92	0.540	282	0.285	285	1401.68	-2.20 (L, 3-11) vs Connecticut on 2024-05-18	+10.39 (W, 6-2) vs Indiana on 2024-03-28	-9.74 (L, 5-18) vs Bradley on 2024-03-14	0.536
251	0.396	
Wagner
Wagner
26-30-0	0.464	241	0.439	210	0.428	264	1427.30	-4.49 (L, 3-6) vs Merrimack on 2024-05-24	+10.26 (W, 13-8) vs Columbia on 2024-05-14	-8.26 (L, 3-12) vs Stonehill on 2024-04-13	0.237
252	0.396	
Delaware State
Delaware State
22-27-0	0.449	284	0.379	239	0.387	226	1456.54	-4.47 (L, 1-11) vs Merrimack on 2024-05-22	+10.25 (W, 15-5) vs Delaware on 2024-05-14	-6.42 (L, 9-17) vs Central Connecticut on 2024-05-18	0.237
253	0.396	
Akron
Akron
15-38-0	0.283	143	0.506	264	0.325	260	1429.43	-4.01 (L, 1-2) vs Ohio on 2024-05-17	+11.48 (W, 15-8) vs Western Carolina on 2024-04-07	-6.15 (L, 3-6) vs Toledo on 2024-03-08	0.380
254	0.395	
Milwaukee
Milwaukee
17-36-0	0.345	185	0.477	228	0.405	262	1429.09	-4.07 (L, 2-3) vs Youngstown State on 2024-05-24	+9.73 (W, 17-5) vs Northern Kentucky on 2024-04-27	-7.42 (L, 4-14) vs Fort Wayne on 2024-05-04	0.313
255	0.395	
Pepperdine
Pepperdine
15-38-0	0.283	187	0.474	290	0.239	244	1443.65	-2.69 (L, 10-14) vs Saint Mary's (CA) on 2024-05-22	+8.54 (W, 13-6) vs Pacific on 2024-03-23	-9.95 (L, 4-25) vs California Baptist on 2024-02-18	0.433
256	0.395	
Grambling
Grambling
23-25-0	0.490	245	0.435	163	0.499	267	1424.78	+6.24 (W, 14-11) vs Florida A&M on 2024-05-25	+16.66 (W, 10-0) vs Southern on 2024-02-17	-9.35 (L, 6-7) vs Jackson State on 2024-02-18	0.187
257	0.394	
UT Martin
UT Martin
21-35-0	0.375	244	0.436	212	0.423	255	1435.46	-5.39 (L, 2-11) vs Southern Indiana on 2024-05-22	+10.65 (W, 7-2) vs Tennessee Tech on 2024-04-26	-7.05 (L, 6-7) vs Western Illinois on 2024-03-23	0.400
258	0.392	
Yale
Yale
18-23-0	0.439	302	0.341	162	0.500	216	1461.35	+5.66 (W, 6-4) vs Harvard on 2024-05-12	+7.68 (W, 10-8) vs Columbia on 2024-04-13	-9.58 (L, 6-13) vs North Florida on 2024-02-23	0.325
259	0.390	
Youngstown State
Youngstown State
16-44-0	0.267	178	0.483	300	0.186	250	1440.62	-4.25 (L, 5-23) vs Northern Kentucky on 2024-05-25	+8.55 (W, 10-4) vs Oakland on 2024-04-26	-7.36 (L, 3-13) vs Fort Wayne on 2024-03-16	0.313
260	0.389	
North Alabama
North Alabama
18-35-1	0.343	249	0.431	250	0.352	251	1440.00	+6.59 (W, 14-13) vs Austin Peay on 2024-05-18	+10.64 (W, 4-2) vs Kennesaw State on 2024-03-17	-5.66 (L, 8-13) vs Queens (NC) on 2024-05-05	0.366
261	0.389	
South Dakota State
South Dakota State
19-29-0	0.408	289	0.369	257	0.344	223	1457.60	+5.79 (W, 14-11) vs Omaha on 2024-05-18	+10.00 (W, 8-5) vs New Mexico State on 2024-02-18	-9.31 (L, 7-19) vs Northern Colorado on 2024-03-28	0.289
262	0.389	
Central Connecticut
Central Connecticut
18-24-0	0.429	292	0.365	158	0.507	232	1453.48	+6.42 (W, 17-9) vs Delaware State on 2024-05-18	+8.11 (W, 7-0) vs Wagner on 2024-03-24	-8.79 (L, 2-11) vs Stonehill on 2024-03-29	0.237
263	0.389	
St. Thomas (MN)
St. Thomas (MN)
20-24-0	0.455	299	0.355	179	0.474	237	1451.73	+7.09 (W, 7-5) vs Oral Roberts on 2024-05-18	+12.72 (W, 20-8) vs Illinois State on 2024-02-17	-6.40 (L, 5-9) vs South Dakota State on 2024-04-20	0.289
264	0.388	
Fordham
Fordham
19-33-0	0.365	169	0.489	271	0.307	280	1408.11	-4.99 (L, 5-6) vs St. Bonaventure on 2024-05-18	+11.11 (W, 8-4) vs Saint Louis on 2024-04-20	-8.98 (L, 6-12) vs Dayton on 2024-03-30	0.456
265	0.388	
Fairleigh Dickinson
Fairleigh Dickinson
26-30-0	0.464	292	0.365	135	0.536	241	1444.99	-3.69 (L, 6-7) vs Merrimack on 2024-05-23	+8.05 (W, 3-1) vs St. John's on 2024-05-07	-7.92 (L, 1-9) vs Delaware State on 2024-04-06	0.237
266	0.387	
Mount St. Mary's
Mount St. Mary's
22-34-1	0.395	271	0.403	190	0.459	254	1437.44	-3.23 (L, 6-7) vs Fairfield on 2024-05-24	+10.48 (W, 6-3) vs Fairfield on 2024-04-19	-7.92 (L, 3-8) vs Norfolk State on 2024-02-16	0.328
267	0.386	
UC Riverside
UC Riverside
16-36-0	0.308	136	0.510	284	0.271	281	1403.50	-2.16 (L, 3-6) vs UC Santa Barbara on 2024-05-25	+9.27 (W, 10-6) vs Long Beach State on 2024-04-20	-7.80 (L, 3-12) vs California Baptist on 2024-02-23	0.602
268	0.386	
Manhattan
Manhattan
22-30-0	0.423	300	0.349	182	0.470	231	1453.52	+10.96 (W, 12-6) vs Rider on 2024-05-17	+10.96 (W, 12-6) vs Rider on 2024-05-17	-5.98 (L, 2-7) vs Iona on 2024-04-13	0.328
269	0.383	
Utah Tech
Utah Tech
14-42-0	0.250	157	0.497	287	0.256	270	1421.53	-3.34 (L, 5-15) vs California Baptist on 2024-05-18	+11.76 (W, 6-2) vs Cal Poly on 2024-05-11	-7.50 (L, 1-11) vs Utah Valley on 2024-04-04	0.396
270	0.382	
Canisius
Canisius
18-30-0	0.375	251	0.427	241	0.382	265	1426.39	-4.50 (L, 4-8) vs Marist on 2024-05-22	+8.60 (W, 8-3) vs UNC Greensboro on 2024-03-03	-7.21 (L, 1-7) vs Mount St. Mary's on 2024-05-11	0.328
271	0.380	
Quinnipiac
Quinnipiac
20-30-0	0.400	290	0.366	212	0.423	243	1444.30	+7.74 (W, 9-7) vs Fairfield on 2024-05-18	+9.88 (W, 14-8) vs Presbyterian on 2024-02-25	-6.65 (L, 3-10) vs Manhattan on 2024-04-28	0.328
272	0.380	
Prairie View
Prairie View
26-25-0	0.527	253	0.424	231	0.402	286	1401.33	-3.69 (L, 2-3) vs Texas Southern on 2024-05-23	+9.82 (W, 5-3) vs Texas Southern on 2024-02-17	-7.95 (L, 4-22) vs New Mexico State on 2024-03-08	0.187
273	0.378	
Fort Wayne
Fort Wayne
19-37-0	0.339	209	0.460	271	0.307	275	1415.76	-4.13 (L, 10-12) vs Youngstown State on 2024-05-23	+10.11 (W, 9-7) vs Missouri on 2024-03-08	-8.07 (L, 2-10) vs Milwaukee on 2024-03-28	0.313
274	0.377	
Texas Southern
Texas Southern
19-25-0	0.457	197	0.467	244	0.369	292	1392.46	-5.62 (L, 0-16) vs Bethune-Cookman on 2024-05-24	+7.41 (W, 13-3) vs Prairie View on 2024-03-22	-9.82 (L, 3-5) vs Prairie View on 2024-02-17	0.187
275	0.375	
Bradley
Bradley
12-37-1	0.265	146	0.505	285	0.269	288	1399.27	-2.21 (L, 3-16) vs Murray State on 2024-05-18	+11.20 (W, 10-2) vs Missouri State on 2024-04-06	-10.03 (L, 0-5) vs Western Kentucky on 2024-02-18	0.536
276	0.374	
St. Bonaventure
St. Bonaventure
18-31-0	0.367	258	0.420	266	0.321	274	1416.29	+4.99 (W, 6-5) vs Fordham on 2024-05-18	+16.82 (W, 22-10) vs The Citadel on 2024-02-17	-7.17 (L, 2-14) vs The Citadel on 2024-02-16	0.456
277	0.374	
Radford
Radford
16-34-0	0.320	251	0.427	233	0.398	271	1419.24	-3.11 (L, 11-12) vs Longwood on 2024-05-17	+13.95 (W, 12-3) vs USC Upstate on 2024-03-24	-6.83 (L, 8-21) vs Georgia Tech on 2024-02-16	0.425
278	0.372	
Queens (NC)
Queens (NC)
14-41-0	0.255	109	0.527	273	0.306	293	1390.95	-5.01 (L, 4-6) vs Bellarmine on 2024-05-18	+11.47 (W, 15-5) vs Kennesaw State on 2024-04-20	-7.70 (L, 8-17) vs Niagara on 2024-02-25	0.366
279	0.370	
Albany
Albany
15-34-1	0.310	239	0.442	283	0.279	273	1416.84	-2.51 (L, 4-5) vs UMass Lowell on 2024-05-22	+11.31 (W, 11-1) vs UMass Lowell on 2024-03-22	-4.93 (L, 2-10) vs UMass Lowell on 2024-03-22	0.363
280	0.369	
Towson
Towson
15-39-0	0.278	167	0.490	286	0.262	290	1394.64	+6.38 (W, 2-1) vs North Carolina A&T on 2024-05-17	+13.22 (W, 10-8) vs Northeastern on 2024-04-06	-7.55 (L, 3-13) vs Monmouth on 2024-03-22	0.536
281	0.369	
Lafayette
Lafayette
14-35-0	0.286	101	0.535	301	0.185	296	1380.08	-3.49 (L, 1-6) vs Army on 2024-05-05	+12.85 (W, 12-2) vs Army on 2024-04-14	-7.08 (L, 4-16) vs Navy on 2024-03-30	0.411
282	0.368	
Dartmouth
Dartmouth
13-25-0	0.333	269	0.406	288	0.244	263	1428.19	+4.49 (W, 18-11) vs Maine on 2024-05-07	+9.04 (W, 3-0) vs Long Beach State on 2024-03-13	-7.90 (L, 2-7) vs Sam Houston State on 2024-02-23	0.325
283	0.368	
Le Moyne
Le Moyne
22-27-1	0.450	300	0.349	234	0.397	261	1429.21	+1.58 (W, 12-11) vs Norfolk State on 2024-05-17	+7.37 (W, 17-10) vs Niagara on 2024-05-07	-6.83 (L, 1-11) vs Wagner on 2024-04-19	0.237
284	0.364	
Stonehill
Stonehill
18-29-0	0.383	276	0.395	179	0.474	277	1414.48	-3.82 (L, 4-6) vs Merrimack on 2024-05-18	+12.36 (W, 8-7) vs Bethune-Cookman on 2024-02-17	-6.75 (L, 1-7) vs Bethune-Cookman on 2024-02-16	0.237
285	0.363	
Lindenwood
Lindenwood
15-38-0	0.296	181	0.481	249	0.358	294	1386.35	-3.63 (L, 3-9) vs Eastern Illinois on 2024-05-18	+9.08 (W, 7-1) vs Little Rock on 2024-03-29	-5.57 (L, 1-7) vs Western Illinois on 2024-04-27	0.400
286	0.361	
Marist
Marist
20-35-0	0.364	303	0.339	267	0.315	253	1437.49	-3.30 (L, 8-11) vs Fairfield on 2024-05-24	+10.51 (W, 6-3) vs Southern Miss on 2024-02-18	-7.89 (L, 6-8) vs Saint Peter's on 2024-03-24	0.328
287	0.360	
Brown
Brown
11-28-0	0.282	281	0.388	260	0.332	258	1430.10	-3.45 (L, 4-9) vs Cornell on 2024-05-05	+8.04 (W, 11-2) vs Cornell on 2024-05-04	-6.84 (L, 2-12) vs UT Martin on 2024-02-23	0.325
288	0.359	
Eastern Michigan
Eastern Michigan
14-38-0	0.269	261	0.417	254	0.349	276	1415.29	-3.31 (L, 8-9) vs Northern Illinois on 2024-05-18	+11.14 (W, 16-6) vs Belmont on 2024-02-18	-7.33 (L, 7-20) vs Kent State on 2024-04-05	0.380
289	0.356	
Southern
Southern
19-29-0	0.408	267	0.408	235	0.396	289	1395.57	-3.41 (L, 8-11) vs Alabama State on 2024-05-23	+10.94 (W, 12-7) vs LSU on 2024-04-01	-16.66 (L, 0-10) vs Grambling on 2024-02-17	0.187
290	0.356	
Western Illinois
Western Illinois
12-38-0	0.240	208	0.461	298	0.194	282	1403.36	-4.02 (L, 3-10) vs Southern Indiana on 2024-05-18	+9.23 (W, 7-5) vs Southeast Missouri on 2024-05-10	-6.74 (L, 3-14) vs UT Martin on 2024-03-22	0.400
291	0.356	
Pacific
Pacific
11-44-0	0.200	183	0.479	302	0.172	283	1403.11	+6.84 (W, 4-3) vs Santa Clara on 2024-05-18	+8.97 (W, 8-2) vs Gonzaga on 2024-05-04	-8.54 (L, 6-13) vs Pepperdine on 2024-03-23	0.433
292	0.352	
Northern Colorado
Northern Colorado
16-37-1	0.306	255	0.423	275	0.303	287	1401.19	-2.88 (L, 4-11) vs Oral Roberts on 2024-05-25	+9.31 (W, 19-7) vs South Dakota State on 2024-03-28	-5.50 (L, 1-11) vs Omaha on 2024-04-19	0.289
293	0.347	
Maine
Maine
10-37-0	0.245	267	0.408	289	0.243	279	1410.37	-2.81 (L, 3-4) vs Albany on 2024-05-18	+8.90 (W, 7-5) vs Bryant on 2024-05-12	-7.72 (L, 7-17) vs Albany on 2024-03-30	0.363
294	0.339	
Bellarmine
Bellarmine
10-45-0	0.182	248	0.432	299	0.191	284	1401.99	+5.01 (W, 6-4) vs Queens (NC) on 2024-05-18	+12.37 (W, 12-6) vs North Florida on 2024-03-28	-6.51 (L, 1-5) vs Tennessee Tech on 2024-02-17	0.366
295	0.336	
Stephen F. Austin
Stephen F. Austin
10-44-0	0.185	237	0.443	303	0.142	291	1393.43	-2.66 (L, 2-13) vs Northwestern State on 2024-05-18	+10.48 (W, 17-10) vs Texas A&M-Corpus Christi on 2024-02-17	-6.69 (L, 9-19) vs Houston Christian on 2024-02-25	0.396
296	0.329	
Alabama A&M
Alabama A&M
11-37-0	0.275	233	0.447	297	0.211	299	1364.78	-2.50 (L, 7-13) vs Jackson State on 2024-05-17	+9.32 (W, 6-1) vs Bethune-Cookman on 2024-04-27	-13.57 (L, 0-8) vs Arkansas-Pine Bluff on 2024-02-18	0.187
297	0.324	
Mississippi Valley
Mississippi Valley
7-32-0	0.238	222	0.453	292	0.237	301	1361.08	+8.06 (W, 7-3) vs Florida A&M on 2024-05-17	+8.06 (W, 7-3) vs Florida A&M on 2024-05-17	-5.96 (L, 2-6) vs Jackson State on 2024-02-23	0.187
298	0.322	
Siena
Siena
12-40-0	0.231	260	0.418	291	0.238	298	1371.47	+3.02 (W, 9-5) vs Iona on 2024-05-18	+9.68 (W, 5-0) vs Niagara on 2024-04-21	-5.54 (L, 3-10) vs Rider on 2024-04-05	0.328
299	0.307	
Iona
Iona
12-38-0	0.240	282	0.383	293	0.227	300	1363.10	-3.02 (L, 5-9) vs Siena on 2024-05-18	+7.42 (W, 11-3) vs Holy Cross on 2024-03-16	-5.03 (L, 5-8) vs Western Carolina on 2024-02-16	0.328
300	0.298	
Coppin State
Coppin State
12-33-0	0.267	305	0.304	295	0.219	295	1384.12	-2.02 (L, 1-8) vs Long Island on 2024-05-17	+5.88 (W, 10-8) vs Sacred Heart on 2024-04-06	-5.29 (L, 0-24) vs Creighton on 2024-02-16	0.237
301	0.298	
Arkansas-Pine Bluff
Arkansas-Pine Bluff
8-35-0	0.222	280	0.390	270	0.309	303	1350.09	-3.84 (L, 2-12) vs Texas Southern on 2024-05-16	+13.57 (W, 8-0) vs Alabama A&M on 2024-02-18	-5.91 (L, 6-10) vs Alabama A&M on 2024-02-16	0.187
302	0.297	
Saint Peter's
Saint Peter's
12-40-0	0.231	297	0.360	296	0.218	302	1359.86	+5.79 (W, 11-10) vs Mount St. Mary's on 2024-05-18	+7.89 (W, 8-6) vs Marist on 2024-03-24	-6.81 (L, 2-10) vs Presbyterian on 2024-02-16	0.328
303	0.292	
Norfolk State
Norfolk State
12-41-0	0.226	304	0.310	293	0.227	297	1379.21	-1.58 (L, 11-12) vs Le Moyne on 2024-05-17	+7.92 (W, 8-3) vs Mount St. Mary's on 2024-02-16	-4.80 (L, 5-11) vs Long Island on 2024-03-22	0.237
304	0.285	
Alcorn State
Alcorn State
6-40-0	0.130	262	0.415	304	0.092	305	1341.01	-1.57 (L, 2-6) vs Prairie View on 2024-05-18	+6.91 (W, 8-6) vs Texas Southern on 2024-05-09	-6.48 (L, 4-10) vs Southern on 2024-02-16	0.187
305	0.265	
UMES
UMES
0-48-0	0.000	274	0.396	304	0.092	304	1343.34	-1.08 (L, 5-10) vs Sacred Heart on 2024-05-17	No recorded wins	-5.86 (L, 2-5) vs North Carolina A&T on 2024-02-16	0.237
